run,arm,tag,pool,u,d_model,n_layers,d_ff,lr,wd,fork_step,decay,step,epoch,tokens,annealed,val_ce,hs_bpb,logs
cosine_ep16_lr1e-2_wd0.1,cosine_ep16,,dclm-100m-train,92469693,2048,16,8192,1e-2,0.1,,5648,353,1.001,92536832,0,5.689,1.704,3466864_6.out
cosine_ep16_lr1e-2_wd0.1,cosine_ep16,,dclm-100m-train,92469693,2048,16,8192,1e-2,0.1,,5648,706,2.001,185073664,0,4.805,1.419,3466864_6.out
cosine_ep16_lr1e-2_wd0.1,cosine_ep16,,dclm-100m-train,92469693,2048,16,8192,1e-2,0.1,,5648,1059,3.002,277610496,0,4.315,1.271,3466864_6.out
cosine_ep16_lr1e-2_wd0.1,cosine_ep16,,dclm-100m-train,92469693,2048,16,8192,1e-2,0.1,,5648,1412,4.003,370147328,0,4.139,1.212,3466864_6.out
cosine_ep16_lr1e-2_wd0.1,cosine_ep16,,dclm-100m-train,92469693,2048,16,8192,1e-2,0.1,,5648,1764,5.001,462422016,0,4.073,1.187,3466864_6.out
cosine_ep16_lr1e-2_wd0.1,cosine_ep16,,dclm-100m-train,92469693,2048,16,8192,1e-2,0.1,,5648,2118,6.004,555220992,0,4.073,1.184,3466864_6.out
cosine_ep16_lr1e-2_wd0.1,cosine_ep16,,dclm-100m-train,92469693,2048,16,8192,1e-2,0.1,,5648,2471,7.005,647757824,0,4.117,1.191,3466864_6.out
cosine_ep16_lr1e-2_wd0.1,cosine_ep16,,dclm-100m-train,92469693,2048,16,8192,1e-2,0.1,,5648,2824,8.006,740294656,0,4.234,1.224,3466864_6.out
cosine_ep16_lr1e-2_wd0.1,cosine_ep16,,dclm-100m-train,92469693,2048,16,8192,1e-2,0.1,,5648,3177,9.007,832831488,0,4.431,1.274,3466864_6.out
cosine_ep16_lr1e-2_wd0.1,cosine_ep16,,dclm-100m-train,92469693,2048,16,8192,1e-2,0.1,,5648,3529,10.004,925106176,0,4.746,1.361,3466864_6.out
cosine_ep16_lr1e-2_wd0.1,cosine_ep16,,dclm-100m-train,92469693,2048,16,8192,1e-2,0.1,,5648,3883,11.008,1017905152,0,5.213,1.502,3466864_6.out
cosine_ep16_lr1e-2_wd0.1,cosine_ep16,,dclm-100m-train,92469693,2048,16,8192,1e-2,0.1,,5648,4236,12.009,1110441984,0,5.84,1.714,3466864_6.out
cosine_ep16_lr1e-2_wd0.1,cosine_ep16,,dclm-100m-train,92469693,2048,16,8192,1e-2,0.1,,5648,4589,13.009,1202978816,0,6.658,1.973,3466864_6.out
cosine_ep16_lr1e-2_wd0.1,cosine_ep16,,dclm-100m-train,92469693,2048,16,8192,1e-2,0.1,,5648,4942,14.01,1295515648,0,7.568,2.279,3466864_6.out
cosine_ep16_lr1e-2_wd0.1,cosine_ep16,,dclm-100m-train,92469693,2048,16,8192,1e-2,0.1,,5648,5294,15.008,1387790336,0,8.393,2.558,3466864_6.out
cosine_ep16_lr1e-2_wd0.1,cosine_ep16,,dclm-100m-train,92469693,2048,16,8192,1e-2,0.1,,5648,5648,16.012,1480589312,0,8.531,2.613,3466864_6.out
cosine_ep16_lr1e-2_wd0.8,cosine_ep16,,dclm-100m-train,92469693,2048,16,8192,1e-2,0.8,,5648,353,1.001,92536832,0,5.676,1.713,3471329_7.out
cosine_ep16_lr1e-2_wd0.8,cosine_ep16,,dclm-100m-train,92469693,2048,16,8192,1e-2,0.8,,5648,706,2.001,185073664,0,4.887,1.441,3471329_7.out
cosine_ep16_lr1e-2_wd0.8,cosine_ep16,,dclm-100m-train,92469693,2048,16,8192,1e-2,0.8,,5648,1059,3.002,277610496,0,4.628,1.365,3471329_7.out
cosine_ep16_lr1e-2_wd0.8,cosine_ep16,,dclm-100m-train,92469693,2048,16,8192,1e-2,0.8,,5648,1412,4.003,370147328,0,4.535,1.334,3471329_7.out
cosine_ep16_lr1e-2_wd0.8,cosine_ep16,,dclm-100m-train,92469693,2048,16,8192,1e-2,0.8,,5648,1764,5.001,462422016,0,4.551,1.335,3471329_7.out
cosine_ep16_lr1e-2_wd0.8,cosine_ep16,,dclm-100m-train,92469693,2048,16,8192,1e-2,0.8,,5648,2118,6.004,555220992,0,4.427,1.286,3471329_7.out
cosine_ep16_lr1e-2_wd0.8,cosine_ep16,,dclm-100m-train,92469693,2048,16,8192,1e-2,0.8,,5648,2471,7.005,647757824,0,4.35,1.263,3471329_7.out
cosine_ep16_lr1e-2_wd0.8,cosine_ep16,,dclm-100m-train,92469693,2048,16,8192,1e-2,0.8,,5648,2824,8.006,740294656,0,4.305,1.248,3471329_7.out
cosine_ep16_lr1e-2_wd0.8,cosine_ep16,,dclm-100m-train,92469693,2048,16,8192,1e-2,0.8,,5648,3177,9.007,832831488,0,4.248,1.234,3471329_7.out
cosine_ep16_lr1e-2_wd0.8,cosine_ep16,,dclm-100m-train,92469693,2048,16,8192,1e-2,0.8,,5648,3529,10.004,925106176,0,4.186,1.214,3471329_7.out
cosine_ep16_lr1e-2_wd0.8,cosine_ep16,,dclm-100m-train,92469693,2048,16,8192,1e-2,0.8,,5648,3883,11.008,1017905152,0,4.136,1.2,3471329_7.out
cosine_ep16_lr1e-2_wd0.8,cosine_ep16,,dclm-100m-train,92469693,2048,16,8192,1e-2,0.8,,5648,4236,12.009,1110441984,0,4.103,1.181,3471329_7.out
cosine_ep16_lr1e-2_wd0.8,cosine_ep16,,dclm-100m-train,92469693,2048,16,8192,1e-2,0.8,,5648,4589,13.009,1202978816,0,4.074,1.174,3471329_7.out
cosine_ep16_lr1e-2_wd0.8,cosine_ep16,,dclm-100m-train,92469693,2048,16,8192,1e-2,0.8,,5648,4942,14.01,1295515648,0,4.079,1.173,3471329_7.out
cosine_ep16_lr1e-2_wd0.8,cosine_ep16,,dclm-100m-train,92469693,2048,16,8192,1e-2,0.8,,5648,5294,15.008,1387790336,0,4.109,1.184,3471329_7.out
cosine_ep16_lr1e-2_wd0.8,cosine_ep16,,dclm-100m-train,92469693,2048,16,8192,1e-2,0.8,,5648,5648,16.012,1480589312,0,4.125,1.189,3471329_7.out
cosine_ep16_lr1e-2_wd3.2,cosine_ep16,,dclm-100m-train,92469693,2048,16,8192,1e-2,3.2,,5648,353,1.001,92536832,0,5.874,1.779,3471329_8.out
cosine_ep16_lr1e-2_wd3.2,cosine_ep16,,dclm-100m-train,92469693,2048,16,8192,1e-2,3.2,,5648,706,2.001,185073664,0,5.575,1.678,3471329_8.out
cosine_ep16_lr1e-2_wd3.2,cosine_ep16,,dclm-100m-train,92469693,2048,16,8192,1e-2,3.2,,5648,1059,3.002,277610496,0,5.468,1.636,3471329_8.out
cosine_ep16_lr1e-2_wd3.2,cosine_ep16,,dclm-100m-train,92469693,2048,16,8192,1e-2,3.2,,5648,1412,4.003,370147328,0,5.397,1.603,3471329_8.out
cosine_ep16_lr1e-2_wd3.2,cosine_ep16,,dclm-100m-train,92469693,2048,16,8192,1e-2,3.2,,5648,1764,5.001,462422016,0,5.338,1.585,3471329_8.out
cosine_ep16_lr1e-2_wd3.2,cosine_ep16,,dclm-100m-train,92469693,2048,16,8192,1e-2,3.2,,5648,2118,6.004,555220992,0,5.284,1.553,3471329_8.out
cosine_ep16_lr1e-2_wd3.2,cosine_ep16,,dclm-100m-train,92469693,2048,16,8192,1e-2,3.2,,5648,2471,7.005,647757824,0,5.291,1.56,3471329_8.out
cosine_ep16_lr1e-2_wd3.2,cosine_ep16,,dclm-100m-train,92469693,2048,16,8192,1e-2,3.2,,5648,2824,8.006,740294656,0,5.222,1.552,3471329_8.out
cosine_ep16_lr1e-2_wd3.2,cosine_ep16,,dclm-100m-train,92469693,2048,16,8192,1e-2,3.2,,5648,3177,9.007,832831488,0,5.128,1.507,3471329_8.out
cosine_ep16_lr1e-2_wd3.2,cosine_ep16,,dclm-100m-train,92469693,2048,16,8192,1e-2,3.2,,5648,3529,10.004,925106176,0,5.028,1.474,3471329_8.out
cosine_ep16_lr1e-2_wd3.2,cosine_ep16,,dclm-100m-train,92469693,2048,16,8192,1e-2,3.2,,5648,3883,11.008,1017905152,0,4.922,1.434,3471329_8.out
cosine_ep16_lr1e-2_wd3.2,cosine_ep16,,dclm-100m-train,92469693,2048,16,8192,1e-2,3.2,,5648,4236,12.009,1110441984,0,4.82,1.401,3471329_8.out
cosine_ep16_lr1e-2_wd3.2,cosine_ep16,,dclm-100m-train,92469693,2048,16,8192,1e-2,3.2,,5648,4589,13.009,1202978816,0,4.705,1.366,3471329_8.out
cosine_ep16_lr1e-2_wd3.2,cosine_ep16,,dclm-100m-train,92469693,2048,16,8192,1e-2,3.2,,5648,4942,14.01,1295515648,0,4.592,1.325,3471329_8.out
cosine_ep16_lr1e-2_wd3.2,cosine_ep16,,dclm-100m-train,92469693,2048,16,8192,1e-2,3.2,,5648,5294,15.008,1387790336,0,4.5,1.299,3471329_8.out
cosine_ep16_lr1e-2_wd3.2,cosine_ep16,,dclm-100m-train,92469693,2048,16,8192,1e-2,3.2,,5648,5648,16.012,1480589312,0,4.472,1.291,3471329_8.out
cosine_ep16_lr1e-3_wd0.1,cosine_ep16,,dclm-100m-train,92469693,2048,16,8192,1e-3,0.1,,5648,353,1.001,92536832,0,5.264,1.56,3466864_0.out
cosine_ep16_lr1e-3_wd0.1,cosine_ep16,,dclm-100m-train,92469693,2048,16,8192,1e-3,0.1,,5648,706,2.001,185073664,0,4.446,1.32,3466864_0.out
cosine_ep16_lr1e-3_wd0.1,cosine_ep16,,dclm-100m-train,92469693,2048,16,8192,1e-3,0.1,,5648,1059,3.002,277610496,0,4.167,1.226,3466864_0.out
cosine_ep16_lr1e-3_wd0.1,cosine_ep16,,dclm-100m-train,92469693,2048,16,8192,1e-3,0.1,,5648,1412,4.003,370147328,0,4.065,1.201,3466864_0.out
cosine_ep16_lr1e-3_wd0.1,cosine_ep16,,dclm-100m-train,92469693,2048,16,8192,1e-3,0.1,,5648,1764,5.001,462422016,0,4.065,1.196,3466864_0.out
cosine_ep16_lr1e-3_wd0.1,cosine_ep16,,dclm-100m-train,92469693,2048,16,8192,1e-3,0.1,,5648,2118,6.004,555220992,0,4.173,1.233,3466864_0.out
cosine_ep16_lr1e-3_wd0.1,cosine_ep16,,dclm-100m-train,92469693,2048,16,8192,1e-3,0.1,,5648,2471,7.005,647757824,0,4.364,1.301,3466864_0.out
cosine_ep16_lr1e-3_wd0.1,cosine_ep16,,dclm-100m-train,92469693,2048,16,8192,1e-3,0.1,,5648,2824,8.006,740294656,0,4.63,1.391,3466864_0.out
cosine_ep16_lr1e-3_wd0.1,cosine_ep16,,dclm-100m-train,92469693,2048,16,8192,1e-3,0.1,,5648,3177,9.007,832831488,0,5.028,1.525,3466864_0.out
cosine_ep16_lr1e-3_wd0.1,cosine_ep16,,dclm-100m-train,92469693,2048,16,8192,1e-3,0.1,,5648,3529,10.004,925106176,0,5.477,1.674,3466864_0.out
cosine_ep16_lr1e-3_wd0.1,cosine_ep16,,dclm-100m-train,92469693,2048,16,8192,1e-3,0.1,,5648,3883,11.008,1017905152,0,6.043,1.864,3466864_0.out
cosine_ep16_lr1e-3_wd0.1,cosine_ep16,,dclm-100m-train,92469693,2048,16,8192,1e-3,0.1,,5648,4236,12.009,1110441984,0,6.629,2.073,3466864_0.out
cosine_ep16_lr1e-3_wd0.1,cosine_ep16,,dclm-100m-train,92469693,2048,16,8192,1e-3,0.1,,5648,4589,13.009,1202978816,0,7.19,2.27,3466864_0.out
cosine_ep16_lr1e-3_wd0.1,cosine_ep16,,dclm-100m-train,92469693,2048,16,8192,1e-3,0.1,,5648,4942,14.01,1295515648,0,7.645,2.434,3466864_0.out
cosine_ep16_lr1e-3_wd0.1,cosine_ep16,,dclm-100m-train,92469693,2048,16,8192,1e-3,0.1,,5648,5294,15.008,1387790336,0,7.897,2.525,3466864_0.out
cosine_ep16_lr1e-3_wd0.1,cosine_ep16,,dclm-100m-train,92469693,2048,16,8192,1e-3,0.1,,5648,5648,16.012,1480589312,0,7.942,2.542,3466864_0.out
cosine_ep16_lr1e-3_wd0.8,cosine_ep16,,dclm-100m-train,92469693,2048,16,8192,1e-3,0.8,,5648,353,1.001,92536832,0,5.313,1.577,3466864_1.out
cosine_ep16_lr1e-3_wd0.8,cosine_ep16,,dclm-100m-train,92469693,2048,16,8192,1e-3,0.8,,5648,706,2.001,185073664,0,4.516,1.341,3466864_1.out
cosine_ep16_lr1e-3_wd0.8,cosine_ep16,,dclm-100m-train,92469693,2048,16,8192,1e-3,0.8,,5648,1059,3.002,277610496,0,4.208,1.233,3466864_1.out
cosine_ep16_lr1e-3_wd0.8,cosine_ep16,,dclm-100m-train,92469693,2048,16,8192,1e-3,0.8,,5648,1412,4.003,370147328,0,4.08,1.192,3466864_1.out
cosine_ep16_lr1e-3_wd0.8,cosine_ep16,,dclm-100m-train,92469693,2048,16,8192,1e-3,0.8,,5648,1764,5.001,462422016,0,4.008,1.171,3466864_1.out
cosine_ep16_lr1e-3_wd0.8,cosine_ep16,,dclm-100m-train,92469693,2048,16,8192,1e-3,0.8,,5648,2118,6.004,555220992,0,3.975,1.164,3466864_1.out
cosine_ep16_lr1e-3_wd0.8,cosine_ep16,,dclm-100m-train,92469693,2048,16,8192,1e-3,0.8,,5648,2471,7.005,647757824,0,3.987,1.174,3466864_1.out
cosine_ep16_lr1e-3_wd0.8,cosine_ep16,,dclm-100m-train,92469693,2048,16,8192,1e-3,0.8,,5648,2824,8.006,740294656,0,4.041,1.193,3466864_1.out
cosine_ep16_lr1e-3_wd0.8,cosine_ep16,,dclm-100m-train,92469693,2048,16,8192,1e-3,0.8,,5648,3177,9.007,832831488,0,4.145,1.24,3466864_1.out
cosine_ep16_lr1e-3_wd0.8,cosine_ep16,,dclm-100m-train,92469693,2048,16,8192,1e-3,0.8,,5648,3529,10.004,925106176,0,4.304,1.301,3466864_1.out
cosine_ep16_lr1e-3_wd0.8,cosine_ep16,,dclm-100m-train,92469693,2048,16,8192,1e-3,0.8,,5648,3883,11.008,1017905152,0,4.567,1.4,3466864_1.out
cosine_ep16_lr1e-3_wd0.8,cosine_ep16,,dclm-100m-train,92469693,2048,16,8192,1e-3,0.8,,5648,4236,12.009,1110441984,0,4.908,1.533,3466864_1.out
cosine_ep16_lr1e-3_wd0.8,cosine_ep16,,dclm-100m-train,92469693,2048,16,8192,1e-3,0.8,,5648,4589,13.009,1202978816,0,5.288,1.683,3466864_1.out
cosine_ep16_lr1e-3_wd0.8,cosine_ep16,,dclm-100m-train,92469693,2048,16,8192,1e-3,0.8,,5648,4942,14.01,1295515648,0,5.666,1.824,3466864_1.out
cosine_ep16_lr1e-3_wd0.8,cosine_ep16,,dclm-100m-train,92469693,2048,16,8192,1e-3,0.8,,5648,5294,15.008,1387790336,0,5.9,1.917,3466864_1.out
cosine_ep16_lr1e-3_wd0.8,cosine_ep16,,dclm-100m-train,92469693,2048,16,8192,1e-3,0.8,,5648,5648,16.012,1480589312,0,5.951,1.936,3466864_1.out
cosine_ep16_lr1e-3_wd3.2,cosine_ep16,,dclm-100m-train,92469693,2048,16,8192,1e-3,3.2,,5648,353,1.001,92536832,0,5.475,1.638,3466864_2.out
cosine_ep16_lr1e-3_wd3.2,cosine_ep16,,dclm-100m-train,92469693,2048,16,8192,1e-3,3.2,,5648,706,2.001,185073664,0,5.064,1.496,3466864_2.out
cosine_ep16_lr1e-3_wd3.2,cosine_ep16,,dclm-100m-train,92469693,2048,16,8192,1e-3,3.2,,5648,1059,3.002,277610496,0,4.859,1.424,3466864_2.out
cosine_ep16_lr1e-3_wd3.2,cosine_ep16,,dclm-100m-train,92469693,2048,16,8192,1e-3,3.2,,5648,1412,4.003,370147328,0,4.638,1.369,3466864_2.out
cosine_ep16_lr1e-3_wd3.2,cosine_ep16,,dclm-100m-train,92469693,2048,16,8192,1e-3,3.2,,5648,1764,5.001,462422016,0,4.47,1.317,3466864_2.out
cosine_ep16_lr1e-3_wd3.2,cosine_ep16,,dclm-100m-train,92469693,2048,16,8192,1e-3,3.2,,5648,2118,6.004,555220992,0,4.368,1.28,3466864_2.out
cosine_ep16_lr1e-3_wd3.2,cosine_ep16,,dclm-100m-train,92469693,2048,16,8192,1e-3,3.2,,5648,2471,7.005,647757824,0,4.27,1.253,3466864_2.out
cosine_ep16_lr1e-3_wd3.2,cosine_ep16,,dclm-100m-train,92469693,2048,16,8192,1e-3,3.2,,5648,2824,8.006,740294656,0,4.218,1.232,3466864_2.out
cosine_ep16_lr1e-3_wd3.2,cosine_ep16,,dclm-100m-train,92469693,2048,16,8192,1e-3,3.2,,5648,3177,9.007,832831488,0,4.154,1.218,3466864_2.out
cosine_ep16_lr1e-3_wd3.2,cosine_ep16,,dclm-100m-train,92469693,2048,16,8192,1e-3,3.2,,5648,3529,10.004,925106176,0,4.114,1.206,3466864_2.out
cosine_ep16_lr1e-3_wd3.2,cosine_ep16,,dclm-100m-train,92469693,2048,16,8192,1e-3,3.2,,5648,3883,11.008,1017905152,0,4.093,1.195,3466864_2.out
cosine_ep16_lr1e-3_wd3.2,cosine_ep16,,dclm-100m-train,92469693,2048,16,8192,1e-3,3.2,,5648,4236,12.009,1110441984,0,4.102,1.202,3466864_2.out
cosine_ep16_lr1e-3_wd3.2,cosine_ep16,,dclm-100m-train,92469693,2048,16,8192,1e-3,3.2,,5648,4589,13.009,1202978816,0,4.149,1.219,3466864_2.out
cosine_ep16_lr1e-3_wd3.2,cosine_ep16,,dclm-100m-train,92469693,2048,16,8192,1e-3,3.2,,5648,4942,14.01,1295515648,0,4.235,1.251,3466864_2.out
cosine_ep16_lr1e-3_wd3.2,cosine_ep16,,dclm-100m-train,92469693,2048,16,8192,1e-3,3.2,,5648,5294,15.008,1387790336,0,4.319,1.282,3466864_2.out
cosine_ep16_lr1e-3_wd3.2,cosine_ep16,,dclm-100m-train,92469693,2048,16,8192,1e-3,3.2,,5648,5648,16.012,1480589312,0,4.343,1.292,3466864_2.out
cosine_ep16_lr3e-3_wd0.1,cosine_ep16,,dclm-100m-train,92469693,2048,16,8192,3e-3,0.1,,5648,353,1.001,92536832,0,5.44,1.623,3466864_3.out
cosine_ep16_lr3e-3_wd0.1,cosine_ep16,,dclm-100m-train,92469693,2048,16,8192,3e-3,0.1,,5648,706,2.001,185073664,0,4.694,1.384,3466864_3.out
cosine_ep16_lr3e-3_wd0.1,cosine_ep16,,dclm-100m-train,92469693,2048,16,8192,3e-3,0.1,,5648,1059,3.002,277610496,0,4.292,1.27,3466864_3.out
cosine_ep16_lr3e-3_wd0.1,cosine_ep16,,dclm-100m-train,92469693,2048,16,8192,3e-3,0.1,,5648,1412,4.003,370147328,0,4.127,1.211,3466864_3.out
cosine_ep16_lr3e-3_wd0.1,cosine_ep16,,dclm-100m-train,92469693,2048,16,8192,3e-3,0.1,,5648,1764,5.001,462422016,0,4.071,1.188,3466864_3.out
cosine_ep16_lr3e-3_wd0.1,cosine_ep16,,dclm-100m-train,92469693,2048,16,8192,3e-3,0.1,,5648,2118,6.004,555220992,0,4.086,1.193,3466864_3.out
cosine_ep16_lr3e-3_wd0.1,cosine_ep16,,dclm-100m-train,92469693,2048,16,8192,3e-3,0.1,,5648,2471,7.005,647757824,0,4.149,1.213,3466864_3.out
cosine_ep16_lr3e-3_wd0.1,cosine_ep16,,dclm-100m-train,92469693,2048,16,8192,3e-3,0.1,,5648,2824,8.006,740294656,0,4.301,1.258,3466864_3.out
cosine_ep16_lr3e-3_wd0.1,cosine_ep16,,dclm-100m-train,92469693,2048,16,8192,3e-3,0.1,,5648,3177,9.007,832831488,0,4.548,1.326,3466864_3.out
cosine_ep16_lr3e-3_wd0.1,cosine_ep16,,dclm-100m-train,92469693,2048,16,8192,3e-3,0.1,,5648,3529,10.004,925106176,0,4.876,1.446,3466864_3.out
cosine_ep16_lr3e-3_wd0.1,cosine_ep16,,dclm-100m-train,92469693,2048,16,8192,3e-3,0.1,,5648,3883,11.008,1017905152,0,5.331,1.598,3466864_3.out
cosine_ep16_lr3e-3_wd0.1,cosine_ep16,,dclm-100m-train,92469693,2048,16,8192,3e-3,0.1,,5648,4236,12.009,1110441984,0,5.837,1.781,3466864_3.out
cosine_ep16_lr3e-3_wd0.1,cosine_ep16,,dclm-100m-train,92469693,2048,16,8192,3e-3,0.1,,5648,4589,13.009,1202978816,0,6.405,1.973,3466864_3.out
cosine_ep16_lr3e-3_wd0.1,cosine_ep16,,dclm-100m-train,92469693,2048,16,8192,3e-3,0.1,,5648,4942,14.01,1295515648,0,6.89,2.166,3466864_3.out
cosine_ep16_lr3e-3_wd0.1,cosine_ep16,,dclm-100m-train,92469693,2048,16,8192,3e-3,0.1,,5648,5294,15.008,1387790336,0,7.293,2.32,3466864_3.out
cosine_ep16_lr3e-3_wd0.1,cosine_ep16,,dclm-100m-train,92469693,2048,16,8192,3e-3,0.1,,5648,5648,16.012,1480589312,0,7.342,2.344,3466864_3.out
cosine_ep16_lr3e-3_wd0.8,cosine_ep16,,dclm-100m-train,92469693,2048,16,8192,3e-3,0.8,,5648,353,1.001,92536832,0,5.538,1.647,3466864_4.out
cosine_ep16_lr3e-3_wd0.8,cosine_ep16,,dclm-100m-train,92469693,2048,16,8192,3e-3,0.8,,5648,706,2.001,185073664,0,4.868,1.431,3466864_4.out
cosine_ep16_lr3e-3_wd0.8,cosine_ep16,,dclm-100m-train,92469693,2048,16,8192,3e-3,0.8,,5648,1059,3.002,277610496,0,4.432,1.308,3466864_4.out
cosine_ep16_lr3e-3_wd0.8,cosine_ep16,,dclm-100m-train,92469693,2048,16,8192,3e-3,0.8,,5648,1412,4.003,370147328,0,4.241,1.247,3466864_4.out
cosine_ep16_lr3e-3_wd0.8,cosine_ep16,,dclm-100m-train,92469693,2048,16,8192,3e-3,0.8,,5648,1764,5.001,462422016,0,4.127,1.204,3466864_4.out
cosine_ep16_lr3e-3_wd0.8,cosine_ep16,,dclm-100m-train,92469693,2048,16,8192,3e-3,0.8,,5648,2118,6.004,555220992,0,4.059,1.178,3466864_4.out
cosine_ep16_lr3e-3_wd0.8,cosine_ep16,,dclm-100m-train,92469693,2048,16,8192,3e-3,0.8,,5648,2471,7.005,647757824,0,4.013,1.172,3466864_4.out
cosine_ep16_lr3e-3_wd0.8,cosine_ep16,,dclm-100m-train,92469693,2048,16,8192,3e-3,0.8,,5648,2824,8.006,740294656,0,3.994,1.159,3466864_4.out
cosine_ep16_lr3e-3_wd0.8,cosine_ep16,,dclm-100m-train,92469693,2048,16,8192,3e-3,0.8,,5648,3177,9.007,832831488,0,3.975,1.156,3466864_4.out
cosine_ep16_lr3e-3_wd0.8,cosine_ep16,,dclm-100m-train,92469693,2048,16,8192,3e-3,0.8,,5648,3529,10.004,925106176,0,3.984,1.151,3466864_4.out
cosine_ep16_lr3e-3_wd0.8,cosine_ep16,,dclm-100m-train,92469693,2048,16,8192,3e-3,0.8,,5648,3883,11.008,1017905152,0,4.015,1.165,3466864_4.out
cosine_ep16_lr3e-3_wd0.8,cosine_ep16,,dclm-100m-train,92469693,2048,16,8192,3e-3,0.8,,5648,4236,12.009,1110441984,0,4.095,1.188,3466864_4.out
cosine_ep16_lr3e-3_wd0.8,cosine_ep16,,dclm-100m-train,92469693,2048,16,8192,3e-3,0.8,,5648,4589,13.009,1202978816,0,4.223,1.235,3466864_4.out
cosine_ep16_lr3e-3_wd0.8,cosine_ep16,,dclm-100m-train,92469693,2048,16,8192,3e-3,0.8,,5648,4942,14.01,1295515648,0,4.379,1.289,3466864_4.out
cosine_ep16_lr3e-3_wd0.8,cosine_ep16,,dclm-100m-train,92469693,2048,16,8192,3e-3,0.8,,5648,5294,15.008,1387790336,0,4.523,1.341,3466864_4.out
cosine_ep16_lr3e-3_wd0.8,cosine_ep16,,dclm-100m-train,92469693,2048,16,8192,3e-3,0.8,,5648,5648,16.012,1480589312,0,4.554,1.352,3466864_4.out
cosine_ep16_lr3e-3_wd3.2,cosine_ep16,,dclm-100m-train,92469693,2048,16,8192,3e-3,3.2,,5648,353,1.001,92536832,0,5.954,1.807,3466864_5.out
cosine_ep16_lr3e-3_wd3.2,cosine_ep16,,dclm-100m-train,92469693,2048,16,8192,3e-3,3.2,,5648,706,2.001,185073664,0,5.305,1.576,3466864_5.out
cosine_ep16_lr3e-3_wd3.2,cosine_ep16,,dclm-100m-train,92469693,2048,16,8192,3e-3,3.2,,5648,1059,3.002,277610496,0,5.12,1.518,3466864_5.out
cosine_ep16_lr3e-3_wd3.2,cosine_ep16,,dclm-100m-train,92469693,2048,16,8192,3e-3,3.2,,5648,1412,4.003,370147328,0,4.958,1.472,3466864_5.out
cosine_ep16_lr3e-3_wd3.2,cosine_ep16,,dclm-100m-train,92469693,2048,16,8192,3e-3,3.2,,5648,1764,5.001,462422016,0,4.877,1.453,3466864_5.out
cosine_ep16_lr3e-3_wd3.2,cosine_ep16,,dclm-100m-train,92469693,2048,16,8192,3e-3,3.2,,5648,2118,6.004,555220992,0,4.757,1.424,3466864_5.out
cosine_ep16_lr3e-3_wd3.2,cosine_ep16,,dclm-100m-train,92469693,2048,16,8192,3e-3,3.2,,5648,2471,7.005,647757824,0,4.665,1.384,3466864_5.out
cosine_ep16_lr3e-3_wd3.2,cosine_ep16,,dclm-100m-train,92469693,2048,16,8192,3e-3,3.2,,5648,2824,8.006,740294656,0,4.587,1.362,3466864_5.out
cosine_ep16_lr3e-3_wd3.2,cosine_ep16,,dclm-100m-train,92469693,2048,16,8192,3e-3,3.2,,5648,3177,9.007,832831488,0,4.532,1.343,3466864_5.out
cosine_ep16_lr3e-3_wd3.2,cosine_ep16,,dclm-100m-train,92469693,2048,16,8192,3e-3,3.2,,5648,3529,10.004,925106176,0,4.461,1.312,3466864_5.out
cosine_ep16_lr3e-3_wd3.2,cosine_ep16,,dclm-100m-train,92469693,2048,16,8192,3e-3,3.2,,5648,3883,11.008,1017905152,0,4.403,1.294,3466864_5.out
cosine_ep16_lr3e-3_wd3.2,cosine_ep16,,dclm-100m-train,92469693,2048,16,8192,3e-3,3.2,,5648,4236,12.009,1110441984,0,4.351,1.277,3466864_5.out
cosine_ep16_lr3e-3_wd3.2,cosine_ep16,,dclm-100m-train,92469693,2048,16,8192,3e-3,3.2,,5648,4589,13.009,1202978816,0,4.306,1.266,3466864_5.out
cosine_ep16_lr3e-3_wd3.2,cosine_ep16,,dclm-100m-train,92469693,2048,16,8192,3e-3,3.2,,5648,4942,14.01,1295515648,0,4.291,1.257,3466864_5.out
cosine_ep16_lr3e-3_wd3.2,cosine_ep16,,dclm-100m-train,92469693,2048,16,8192,3e-3,3.2,,5648,5294,15.008,1387790336,0,4.317,1.266,3466864_5.out
cosine_ep16_lr3e-3_wd3.2,cosine_ep16,,dclm-100m-train,92469693,2048,16,8192,3e-3,3.2,,5648,5648,16.012,1480589312,0,4.329,1.271,3466864_5.out
fork_s1500_1-sqrt_lr1e-3_wd0.8,fork,,dclm-100m-train,92469693,2048,16,8192,1e-3,0.8,1500,375,1765,5.004,462684160,0,3.922,1.152,3476402_0.out
fork_s1500_1-sqrt_lr1e-3_wd0.8,fork,,dclm-100m-train,92469693,2048,16,8192,1e-3,0.8,1500,375,1875,5.315,491520000,1,3.914,,3476402_0.out
fork_s3000_1-sqrt_lr1e-3_wd0.8,fork,,dclm-100m-train,92469693,2048,16,8192,1e-3,0.8,3000,750,3177,9.007,832831488,0,3.954,1.166,3475817_0.out
forkC_s3000_1-sqrt_lr1e-3_wd0.8,fork,,dclm-100m-train,92469693,2048,16,8192,1e-3,0.8,3000,375,3177,9.007,832831488,0,3.923,1.153,3477602_0.out
forkC_s3000_1-sqrt_lr1e-3_wd0.8,fork,,dclm-100m-train,92469693,2048,16,8192,1e-3,0.8,3000,375,3354,9.508,879230976,0,3.937,,3477602_0.out
forkC_s3000_1-sqrt_lr1e-3_wd0.8,fork,,dclm-100m-train,92469693,2048,16,8192,1e-3,0.8,3000,375,3361,9.528,881065984,0,3.937,,3477602_0.out
forkC_s3000_1-sqrt_lr1e-3_wd0.8,fork,,dclm-100m-train,92469693,2048,16,8192,1e-3,0.8,3000,375,3375,9.568,884736000,1,3.936,,3477602_0.out
fork_s3000_1-sqrt_lr1e-3_wd0.8,fork,,dclm-100m-train,92469693,2048,16,8192,1e-3,0.8,3000,750,3530,10.007,925368320,0,4.007,1.19,3475817_0.out
fork_s3000_1-sqrt_lr1e-3_wd0.8,fork,,dclm-100m-train,92469693,2048,16,8192,1e-3,0.8,3000,750,3750,10.631,983040000,1,4.058,,3475817_0.out
fork_s4518_1-sqrt_lr1e-3_wd0.8,fork,,dclm-100m-train,92469693,2048,16,8192,1e-3,0.8,4518,1130,4589,13.009,1202978816,0,4.101,1.216,3476403_0.out
forkC_s4518_1-sqrt_lr1e-3_wd0.8,fork,,dclm-100m-train,92469693,2048,16,8192,1e-3,0.8,4518,375,4589,13.009,1202978816,0,4.08,1.212,3477603_0.out
forkC_s4518_1-sqrt_lr1e-3_wd0.8,fork,,dclm-100m-train,92469693,2048,16,8192,1e-3,0.8,4518,375,4893,13.871,1282670592,1,4.115,,3477603_0.out
fork_s4518_1-sqrt_lr1e-3_wd0.8,fork,,dclm-100m-train,92469693,2048,16,8192,1e-3,0.8,4518,1130,4942,14.01,1295515648,0,4.247,1.272,3476403_0.out
fork_s4518_1-sqrt_lr1e-3_wd0.8,fork,,dclm-100m-train,92469693,2048,16,8192,1e-3,0.8,4518,1130,5295,15.011,1388052480,0,4.493,1.372,3476403_0.out
fork_s4518_1-sqrt_lr1e-3_wd0.8,fork,,dclm-100m-train,92469693,2048,16,8192,1e-3,0.8,4518,1130,5648,16.012,1480589312,1,4.688,1.444,3476403_0.out
forkW_s1500_1-sqrt_lr1e-3_wd3.2,fork,,dclm-100m-train,92469693,2048,16,8192,1e-3,3.2,1500,375,1685,4.777,441712640,0,4.341,,3481995_0.out
forkW_s1500_1-sqrt_lr1e-3_wd3.2,fork,,dclm-100m-train,92469693,2048,16,8192,1e-3,3.2,1500,375,1765,5.004,462684160,0,4.269,1.263,3481995_0.out
forkW_s1500_1-sqrt_lr1e-3_wd3.2,fork,,dclm-100m-train,92469693,2048,16,8192,1e-3,3.2,1500,375,1875,5.315,491520000,1,4.223,,3481995_0.out
forkW_s3000_1-sqrt_lr1e-3_wd3.2,fork,,dclm-100m-train,92469693,2048,16,8192,1e-3,3.2,3000,375,3177,9.007,832831488,0,4.153,,3481997_0.out
forkW_s3000_1-sqrt_lr1e-3_wd3.2,fork,,dclm-100m-train,92469693,2048,16,8192,1e-3,3.2,3000,375,3375,9.568,884736000,1,4.074,,3481997_0.out
forkW_s4518_1-sqrt_lr1e-3_wd3.2,fork,,dclm-100m-train,92469693,2048,16,8192,1e-3,3.2,4518,375,4589,13.009,1202978816,0,4.173,1.225,3481998_0.out
forkW_s4518_1-sqrt_lr1e-3_wd3.2,fork,,dclm-100m-train,92469693,2048,16,8192,1e-3,3.2,4518,375,4893,13.871,1282670592,1,4.034,,3481998_0.out
fork_ep16_1-sqrt_lr3e-3_wd0.8,fork,,dclm-100m-train,92469693,2048,16,8192,3e-3,0.8,4518,1130,4589,13.009,1202978816,0,4.003,1.162,3465441_4.out
fork_ep16_1-sqrt_lr3e-3_wd0.8,fork,,dclm-100m-train,92469693,2048,16,8192,3e-3,0.8,4518,1130,4942,14.01,1295515648,0,3.961,1.143,3465441_4.out
fork_ep16_1-sqrt_lr3e-3_wd0.8,fork,,dclm-100m-train,92469693,2048,16,8192,3e-3,0.8,4518,1130,5295,15.011,1388052480,0,3.993,1.152,3465441_4.out
fork_ep16_1-sqrt_lr3e-3_wd0.8,fork,,dclm-100m-train,92469693,2048,16,8192,3e-3,0.8,4518,1130,5648,16.012,1480589312,1,4.035,1.166,3465441_4.out
forkmoeC_s1128_1-sqrt_lr1e-3_wd0.8,fork,moe32,dclm-100m-train,92469693,2048,16,,1e-3,0.8,1128,375,1412,4.003,370147328,0,3.96,1.164,3481990_0.out
forkmoeC_s1128_1-sqrt_lr1e-3_wd0.8,fork,moe32,dclm-100m-train,92469693,2048,16,,1e-3,0.8,1128,375,1503,4.261,394002432,1,3.966,,3481990_0.out
forkmoe_s2256_1-sqrt_lr1e-3_wd0.8,fork,moe32,dclm-100m-train,92469693,2048,16,,1e-3,0.8,2256,564,2336,6.622,612368384,0,3.983,,3477614_0.out
forkmoe_s2256_1-sqrt_lr1e-3_wd0.8,fork,moe32,dclm-100m-train,92469693,2048,16,,1e-3,0.8,2256,564,2470,7.002,647495680,0,3.878,,3477614_0.out
forkmoe_s2256_1-sqrt_lr1e-3_wd0.8,fork,moe32,dclm-100m-train,92469693,2048,16,,1e-3,0.8,2256,564,2471,7.005,647757824,0,3.939,1.156,3477614_0.out
forkmoeC_s2256_1-sqrt_lr1e-3_wd0.8,fork,moe32,dclm-100m-train,92469693,2048,16,,1e-3,0.8,2256,375,2471,7.005,647757824,0,3.919,1.151,3481991_0.out
forkmoe_s2256_1-sqrt_lr1e-3_wd0.8,fork,moe32,dclm-100m-train,92469693,2048,16,,1e-3,0.8,2256,564,2500,7.087,655360000,0,3.939,,3477614_0.out
forkmoe_s2256_1-sqrt_lr1e-3_wd0.8,fork,moe32,dclm-100m-train,92469693,2048,16,,1e-3,0.8,2256,564,2505,7.101,656670720,0,3.939,,3477614_0.out
forkmoe_s2256_1-sqrt_lr1e-3_wd0.8,fork,moe32,dclm-100m-train,92469693,2048,16,,1e-3,0.8,2256,564,2558,7.252,670564352,0,3.99,,3477614_0.out
forkmoe_s2256_1-sqrt_lr1e-3_wd0.8,fork,moe32,dclm-100m-train,92469693,2048,16,,1e-3,0.8,2256,564,2560,7.257,671088640,0,3.99,,3477614_0.out
forkmoe_s2256_1-sqrt_lr1e-3_wd0.8,fork,moe32,dclm-100m-train,92469693,2048,16,,1e-3,0.8,2256,564,2562,7.263,671612928,0,3.99,,3477614_0.out
forkmoe_s2256_1-sqrt_lr1e-3_wd0.8,fork,moe32,dclm-100m-train,92469693,2048,16,,1e-3,0.8,2256,564,2579,7.311,676069376,0,3.99,,3477614_0.out
forkmoeC_s2256_1-sqrt_lr1e-3_wd0.8,fork,moe32,dclm-100m-train,92469693,2048,16,,1e-3,0.8,2256,375,2631,7.459,689700864,1,3.961,,3481991_0.out
forkmoe_s2256_1-sqrt_lr1e-3_wd0.8,fork,moe32,dclm-100m-train,92469693,2048,16,,1e-3,0.8,2256,564,2686,7.615,704118784,0,3.989,,3477614_0.out
forkmoe_s2256_1-sqrt_lr1e-3_wd0.8,fork,moe32,dclm-100m-train,92469693,2048,16,,1e-3,0.8,2256,564,2689,7.623,704905216,0,3.989,,3477614_0.out
forkmoe_s2256_1-sqrt_lr1e-3_wd0.8,fork,moe32,dclm-100m-train,92469693,2048,16,,1e-3,0.8,2256,564,2714,7.694,711458816,0,3.989,,3477614_0.out
forkmoe_s2256_1-sqrt_lr1e-3_wd0.8,fork,moe32,dclm-100m-train,92469693,2048,16,,1e-3,0.8,2256,564,2752,7.802,721420288,0,3.984,,3477614_0.out
forkmoe_s2256_1-sqrt_lr1e-3_wd0.8,fork,moe32,dclm-100m-train,92469693,2048,16,,1e-3,0.8,2256,564,2782,7.887,729284608,0,3.984,,3477614_0.out
forkmoe_s2256_1-sqrt_lr1e-3_wd0.8,fork,moe32,dclm-100m-train,92469693,2048,16,,1e-3,0.8,2256,564,2820,7.994,739246080,1,3.979,,3477614_0.out
forkmoe_s3384_1-sqrt_lr1e-3_wd0.8,fork,moe32,dclm-100m-train,92469693,2048,16,,1e-3,0.8,3384,846,3530,10.007,925368320,0,4.191,1.244,3477615_0.out
forkmoeC_s3384_1-sqrt_lr1e-3_wd0.8,fork,moe32,dclm-100m-train,92469693,2048,16,,1e-3,0.8,3384,375,3530,10.007,925368320,0,4.169,1.237,3481992_0.out
forkmoeC_s3384_1-sqrt_lr1e-3_wd0.8,fork,moe32,dclm-100m-train,92469693,2048,16,,1e-3,0.8,3384,375,3759,10.656,985399296,1,4.36,,3481992_0.out
forkmoe_s3384_1-sqrt_lr1e-3_wd0.8,fork,moe32,dclm-100m-train,92469693,2048,16,,1e-3,0.8,3384,846,3857,10.934,1011089408,0,4.371,,3477615_0.out
forkmoe_s3384_1-sqrt_lr1e-3_wd0.8,fork,moe32,dclm-100m-train,92469693,2048,16,,1e-3,0.8,3384,846,3861,10.946,1012137984,0,4.371,,3477615_0.out
forkmoe_s3384_1-sqrt_lr1e-3_wd0.8,fork,moe32,dclm-100m-train,92469693,2048,16,,1e-3,0.8,3384,846,3883,11.008,1017905152,0,4.601,1.403,3477615_0.out
forkmoe_s3384_1-sqrt_lr1e-3_wd0.8,fork,moe32,dclm-100m-train,92469693,2048,16,,1e-3,0.8,3384,846,3902,11.062,1022885888,0,4.601,,3477615_0.out
forkmoe_s3384_1-sqrt_lr1e-3_wd0.8,fork,moe32,dclm-100m-train,92469693,2048,16,,1e-3,0.8,3384,846,4084,11.578,1070596096,0,4.877,,3477615_0.out
forkmoe_s3384_1-sqrt_lr1e-3_wd0.8,fork,moe32,dclm-100m-train,92469693,2048,16,,1e-3,0.8,3384,846,4107,11.643,1076625408,0,4.877,,3477615_0.out
forkmoe_s3384_1-sqrt_lr1e-3_wd0.8,fork,moe32,dclm-100m-train,92469693,2048,16,,1e-3,0.8,3384,846,4132,11.714,1083179008,0,4.877,,3477615_0.out
forkmoe_s3384_1-sqrt_lr1e-3_wd0.8,fork,moe32,dclm-100m-train,92469693,2048,16,,1e-3,0.8,3384,846,4162,11.799,1091043328,0,4.9,,3477615_0.out
forkmoe_s3384_1-sqrt_lr1e-3_wd0.8,fork,moe32,dclm-100m-train,92469693,2048,16,,1e-3,0.8,3384,846,4171,11.824,1093402624,0,4.9,,3477615_0.out
forkmoe_s3384_1-sqrt_lr1e-3_wd0.8,fork,moe32,dclm-100m-train,92469693,2048,16,,1e-3,0.8,3384,846,4230,11.992,1108869120,1,4.916,,3477615_0.out
forkmoeC_s4236_1-sqrt_lr1e-3_wd0.8,fork,moe32,dclm-100m-train,92469693,2048,16,,1e-3,0.8,4236,375,4326,12.264,1134034944,0,4.556,,3481994_0.out
forkmoeC_s4236_1-sqrt_lr1e-3_wd0.8,fork,moe32,dclm-100m-train,92469693,2048,16,,1e-3,0.8,4236,375,4589,13.009,1202978816,0,4.803,1.473,3481994_0.out
forkmoeC_s4236_1-sqrt_lr1e-3_wd0.8,fork,moe32,dclm-100m-train,92469693,2048,16,,1e-3,0.8,4236,375,4611,13.072,1208745984,1,4.835,,3481994_0.out
fork761_s1500_1-sqrt_lr1e-3_wd0.8,fork,n761m,dclm-100m-train,92469693,1536,12,6144,1e-3,0.8,1500,375,1765,5.004,462684160,0,3.901,1.146,3477440_0.out
fork761_s1500_1-sqrt_lr1e-3_wd0.8,fork,n761m,dclm-100m-train,92469693,1536,12,6144,1e-3,0.8,1500,375,1875,5.315,491520000,1,3.893,,3477440_0.out
fork761_s3000_1-sqrt_lr1e-3_wd0.8,fork,n761m,dclm-100m-train,92469693,1536,12,6144,1e-3,0.8,3000,750,3177,9.007,832831488,0,3.911,1.15,3477442_0.out
forkC_n761m_s3000_1-sqrt_lr1e-3_wd0.8,fork,n761m,dclm-100m-train,92469693,1536,12,6144,1e-3,0.8,3000,375,3177,9.007,832831488,0,3.875,1.134,3477604_0.out
forkC_n761m_s3000_1-sqrt_lr1e-3_wd0.8,fork,n761m,dclm-100m-train,92469693,1536,12,6144,1e-3,0.8,3000,375,3375,9.568,884736000,1,3.869,,3477604_0.out
fork761_s3000_1-sqrt_lr1e-3_wd0.8,fork,n761m,dclm-100m-train,92469693,1536,12,6144,1e-3,0.8,3000,750,3530,10.007,925368320,0,3.912,1.153,3477442_0.out
fork761_s3000_1-sqrt_lr1e-3_wd0.8,fork,n761m,dclm-100m-train,92469693,1536,12,6144,1e-3,0.8,3000,750,3750,10.631,983040000,1,3.937,,3477442_0.out
fork761_s4518_1-sqrt_lr1e-3_wd0.8,fork,n761m,dclm-100m-train,92469693,1536,12,6144,1e-3,0.8,4518,1130,4589,13.009,1202978816,0,3.986,1.172,3477434_0.out
forkC_n761m_s4518_1-sqrt_lr1e-3_wd0.8,fork,n761m,dclm-100m-train,92469693,1536,12,6144,1e-3,0.8,4518,375,4589,13.009,1202978816,0,3.962,1.164,3477605_0.out
forkC_n761m_s4518_1-sqrt_lr1e-3_wd0.8,fork,n761m,dclm-100m-train,92469693,1536,12,6144,1e-3,0.8,4518,375,4893,13.871,1282670592,1,3.937,,3477605_0.out
fork761_s4518_1-sqrt_lr1e-3_wd0.8,fork,n761m,dclm-100m-train,92469693,1536,12,6144,1e-3,0.8,4518,1130,4942,14.01,1295515648,0,4.026,1.187,3477434_0.out
fork761_s4518_1-sqrt_lr1e-3_wd0.8,fork,n761m,dclm-100m-train,92469693,1536,12,6144,1e-3,0.8,4518,1130,5295,15.011,1388052480,0,4.139,1.233,3477434_0.out
fork761_s4518_1-sqrt_lr1e-3_wd0.8,fork,n761m,dclm-100m-train,92469693,1536,12,6144,1e-3,0.8,4518,1130,5648,16.012,1480589312,1,4.218,1.261,3477434_0.out
forkW_n761m_s1500_1-sqrt_lr1e-3_wd3.2,fork,n761m,dclm-100m-train,92469693,1536,12,6144,1e-3,3.2,1500,375,1765,5.004,462684160,0,4.399,1.302,3481999_0.out
forkW_n761m_s1500_1-sqrt_lr1e-3_wd3.2,fork,n761m,dclm-100m-train,92469693,1536,12,6144,1e-3,3.2,1500,375,1875,5.315,491520000,1,4.359,,3481999_0.out
forkW_n761m_s3000_1-sqrt_lr1e-3_wd3.2,fork,n761m,dclm-100m-train,92469693,1536,12,6144,1e-3,3.2,3000,375,3177,9.007,832831488,0,4.263,1.259,3482000_0.out
forkW_n761m_s3000_1-sqrt_lr1e-3_wd3.2,fork,n761m,dclm-100m-train,92469693,1536,12,6144,1e-3,3.2,3000,375,3375,9.568,884736000,1,4.193,,3482000_0.out
forkW_n761m_s4518_1-sqrt_lr1e-3_wd3.2,fork,n761m,dclm-100m-train,92469693,1536,12,6144,1e-3,3.2,4518,375,4589,13.009,1202978816,0,4.286,1.263,3482001_0.out
forkW_n761m_s4518_1-sqrt_lr1e-3_wd3.2,fork,n761m,dclm-100m-train,92469693,1536,12,6144,1e-3,3.2,4518,375,4893,13.871,1282670592,1,4.158,,3482001_0.out
fork30m_s1500_1-sqrt_lr1e-3_wd0.8,fork,u30m20ep,dclm-30m-sub,30001113,2048,16,8192,1e-3,0.8,1500,375,1596,13.946,418381824,0,5.73,1.771,3476983_0.out
fork30m_s1500_1-sqrt_lr1e-3_wd0.8,fork,u30m20ep,dclm-30m-sub,30001113,2048,16,8192,1e-3,0.8,1500,375,1642,14.347,430440448,0,6.099,,3476983_0.out
fork30m_s1500_1-sqrt_lr1e-3_wd0.8,fork,u30m20ep,dclm-30m-sub,30001113,2048,16,8192,1e-3,0.8,1500,375,1710,14.942,448266240,0,6.325,1.999,3476983_0.out
fork30m_s1500_1-sqrt_lr1e-3_wd0.8,fork,u30m20ep,dclm-30m-sub,30001113,2048,16,8192,1e-3,0.8,1500,375,1824,15.938,478150656,0,6.798,2.162,3476983_0.out
fork30m_s1500_1-sqrt_lr1e-3_wd0.8,fork,u30m20ep,dclm-30m-sub,30001113,2048,16,8192,1e-3,0.8,1500,375,1875,16.383,491520000,1,6.926,,3476983_0.out
fork30m_s1824_1-sqrt_lr1e-3_wd0.8,fork,u30m20ep,dclm-30m-sub,30001113,2048,16,8192,1e-3,0.8,1824,456,1938,16.934,508035072,0,6.517,2.042,3476407_0.out
fork30m_s1824_1-sqrt_lr1e-3_wd0.8,fork,u30m20ep,dclm-30m-sub,30001113,2048,16,8192,1e-3,0.8,1824,456,2052,17.93,537919488,0,7.016,2.204,3476407_0.out
fork30m_s1824_1-sqrt_lr1e-3_wd0.8,fork,u30m20ep,dclm-30m-sub,30001113,2048,16,8192,1e-3,0.8,1824,456,2166,18.926,567803904,0,7.334,2.316,3476407_0.out
fork30m_s1824_1-sqrt_lr1e-3_wd0.8,fork,u30m20ep,dclm-30m-sub,30001113,2048,16,8192,1e-3,0.8,1824,456,2280,19.922,597688320,1,7.463,2.355,3476407_0.out
moe32_lr1e-3_wd0.1,moe32,,dclm-100m-train,92469693,2048,16,,1e-3,0.1,,4236,353,1.001,92536832,0,5.319,1.576,3472766_1.out
moe32_lr1e-3_wd0.1,moe32,,dclm-100m-train,92469693,2048,16,,1e-3,0.1,,4236,706,2.001,185073664,0,4.51,1.335,3472766_1.out
moe32_lr1e-3_wd0.1,moe32,,dclm-100m-train,92469693,2048,16,,1e-3,0.1,,4236,1059,3.002,277610496,0,4.204,1.239,3472766_1.out
moe32_lr1e-3_wd0.1,moe32,,dclm-100m-train,92469693,2048,16,,1e-3,0.1,,4236,1412,4.003,370147328,0,4.078,1.194,3472766_1.out
moe32_lr1e-3_wd0.1,moe32,,dclm-100m-train,92469693,2048,16,,1e-3,0.1,,4236,1764,5.001,462422016,0,4.06,1.188,3472766_1.out
moe32_lr1e-3_wd0.1,moe32,,dclm-100m-train,92469693,2048,16,,1e-3,0.1,,4236,2118,6.004,555220992,0,4.142,1.218,3472766_1.out
moe32_lr1e-3_wd0.1,moe32,,dclm-100m-train,92469693,2048,16,,1e-3,0.1,,4236,2471,7.005,647757824,0,4.318,1.268,3472766_1.out
moe32_lr1e-3_wd0.1,moe32,,dclm-100m-train,92469693,2048,16,,1e-3,0.1,,4236,2824,8.006,740294656,0,4.622,1.364,3472766_1.out
moe32_lr1e-3_wd0.1,moe32,,dclm-100m-train,92469693,2048,16,,1e-3,0.1,,4236,3177,9.007,832831488,0,4.985,1.478,3472766_1.out
moe32_lr1e-3_wd0.1,moe32,,dclm-100m-train,92469693,2048,16,,1e-3,0.1,,4236,3529,10.004,925106176,0,5.418,1.624,3472766_1.out
moe32_lr1e-3_wd0.1,moe32,,dclm-100m-train,92469693,2048,16,,1e-3,0.1,,4236,3883,11.008,1017905152,0,5.914,1.775,3472766_1.out
moe32_lr1e-3_wd0.1,moe32,,dclm-100m-train,92469693,2048,16,,1e-3,0.1,,4236,4236,12.009,1110441984,0,6.405,1.943,3472766_1.out
moe32_lr1e-3_wd0.8,moe32,,dclm-100m-train,92469693,2048,16,,1e-3,0.8,,4236,353,1.001,92536832,0,5.303,1.575,3469747_1.out
moe32_lr1e-3_wd0.8,moe32,,dclm-100m-train,92469693,2048,16,,1e-3,0.8,,4236,706,2.001,185073664,0,4.522,1.34,3469747_1.out
moe32_lr1e-3_wd0.8,moe32,,dclm-100m-train,92469693,2048,16,,1e-3,0.8,,4236,1059,3.002,277610496,0,4.24,1.252,3469747_1.out
moe32_lr1e-3_wd0.8,moe32,,dclm-100m-train,92469693,2048,16,,1e-3,0.8,,4236,1412,4.003,370147328,0,4.107,1.204,3469747_1.out
moe32_lr1e-3_wd0.8,moe32,,dclm-100m-train,92469693,2048,16,,1e-3,0.8,,4236,1764,5.001,462422016,0,4.046,1.189,3469747_1.out
moe32_lr1e-3_wd0.8,moe32,,dclm-100m-train,92469693,2048,16,,1e-3,0.8,,4236,2118,6.004,555220992,0,4.019,1.178,3469747_1.out
moe32_lr1e-3_wd0.8,moe32,,dclm-100m-train,92469693,2048,16,,1e-3,0.8,,4236,2471,7.005,647757824,0,4.025,1.177,3469747_1.out
moe32_lr1e-3_wd0.8,moe32,,dclm-100m-train,92469693,2048,16,,1e-3,0.8,,4236,2824,8.006,740294656,0,4.06,1.192,3469747_1.out
moe32_lr1e-3_wd0.8,moe32,,dclm-100m-train,92469693,2048,16,,1e-3,0.8,,4236,3177,9.007,832831488,0,4.135,1.223,3469747_1.out
moe32_lr1e-3_wd0.8,moe32,,dclm-100m-train,92469693,2048,16,,1e-3,0.8,,4236,3529,10.004,925106176,0,4.224,1.248,3469747_1.out
moe32_lr1e-3_wd0.8,moe32,,dclm-100m-train,92469693,2048,16,,1e-3,0.8,,4236,3883,11.008,1017905152,0,4.338,1.29,3469747_1.out
moe32_lr1e-3_wd0.8,moe32,,dclm-100m-train,92469693,2048,16,,1e-3,0.8,,4236,4236,12.009,1110441984,0,4.436,1.313,3469747_1.out
moe32_lr1e-3_wd3.2,moe32,,dclm-100m-train,92469693,2048,16,,1e-3,3.2,,4236,353,1.001,92536832,0,5.369,1.608,3472767_1.out
moe32_lr1e-3_wd3.2,moe32,,dclm-100m-train,92469693,2048,16,,1e-3,3.2,,4236,706,2.001,185073664,0,4.876,1.457,3472767_1.out
moe32_lr1e-3_wd3.2,moe32,,dclm-100m-train,92469693,2048,16,,1e-3,3.2,,4236,1059,3.002,277610496,0,4.612,1.368,3472767_1.out
moe32_lr1e-3_wd3.2,moe32,,dclm-100m-train,92469693,2048,16,,1e-3,3.2,,4236,1412,4.003,370147328,0,4.48,1.328,3472767_1.out
moe32_lr1e-3_wd3.2,moe32,,dclm-100m-train,92469693,2048,16,,1e-3,3.2,,4236,1764,5.001,462422016,0,4.409,1.301,3472767_1.out
moe32_lr1e-3_wd3.2,moe32,,dclm-100m-train,92469693,2048,16,,1e-3,3.2,,4236,2118,6.004,555220992,0,4.337,1.281,3472767_1.out
moe32_lr1e-3_wd3.2,moe32,,dclm-100m-train,92469693,2048,16,,1e-3,3.2,,4236,2471,7.005,647757824,0,4.298,1.267,3472767_1.out
moe32_lr1e-3_wd3.2,moe32,,dclm-100m-train,92469693,2048,16,,1e-3,3.2,,4236,2824,8.006,740294656,0,4.266,1.253,3472767_1.out
moe32_lr1e-3_wd3.2,moe32,,dclm-100m-train,92469693,2048,16,,1e-3,3.2,,4236,3177,9.007,832831488,0,4.223,1.24,3472767_1.out
moe32_lr1e-3_wd3.2,moe32,,dclm-100m-train,92469693,2048,16,,1e-3,3.2,,4236,3529,10.004,925106176,0,4.229,1.244,3472767_1.out
moe32_lr1e-3_wd3.2,moe32,,dclm-100m-train,92469693,2048,16,,1e-3,3.2,,4236,3883,11.008,1017905152,0,4.191,1.231,3472767_1.out
moe32_lr1e-3_wd3.2,moe32,,dclm-100m-train,92469693,2048,16,,1e-3,3.2,,4236,4236,12.009,1110441984,0,4.255,1.243,3472767_1.out
moe32_lr3e-3_wd0.8,moe32,,dclm-100m-train,92469693,2048,16,,3e-3,0.8,,4236,353,1.001,92536832,0,5.952,1.806,3469747_2.out
moe32_lr3e-3_wd0.8,moe32,,dclm-100m-train,92469693,2048,16,,3e-3,0.8,,4236,706,2.001,185073664,0,4.992,1.483,3469747_2.out
moe32_lr3e-3_wd0.8,moe32,,dclm-100m-train,92469693,2048,16,,3e-3,0.8,,4236,1059,3.002,277610496,0,4.498,1.338,3469747_2.out
moe32_lr3e-3_wd0.8,moe32,,dclm-100m-train,92469693,2048,16,,3e-3,0.8,,4236,1412,4.003,370147328,0,4.288,1.26,3469747_2.out
moe32_lr3e-3_wd0.8,moe32,,dclm-100m-train,92469693,2048,16,,3e-3,0.8,,4236,1764,5.001,462422016,0,4.267,1.244,3469747_2.out
moe32_lr3e-3_wd0.8,moe32,,dclm-100m-train,92469693,2048,16,,3e-3,0.8,,4236,2118,6.004,555220992,0,4.153,1.21,3469747_2.out
moe32_lr3e-3_wd0.8,moe32,,dclm-100m-train,92469693,2048,16,,3e-3,0.8,,4236,2471,7.005,647757824,0,4.116,1.198,3469747_2.out
moe32_lr3e-3_wd0.8,moe32,,dclm-100m-train,92469693,2048,16,,3e-3,0.8,,4236,2824,8.006,740294656,0,4.12,1.201,3469747_2.out
moe32_lr3e-3_wd0.8,moe32,,dclm-100m-train,92469693,2048,16,,3e-3,0.8,,4236,3177,9.007,832831488,0,4.122,1.196,3469747_2.out
moe32_lr3e-3_wd0.8,moe32,,dclm-100m-train,92469693,2048,16,,3e-3,0.8,,4236,3529,10.004,925106176,0,4.11,1.189,3469747_2.out
moe32_lr3e-3_wd0.8,moe32,,dclm-100m-train,92469693,2048,16,,3e-3,0.8,,4236,3883,11.008,1017905152,0,4.106,1.193,3469747_2.out
moe32_lr3e-3_wd0.8,moe32,,dclm-100m-train,92469693,2048,16,,3e-3,0.8,,4236,4236,12.009,1110441984,0,4.119,1.186,3469747_2.out
moe32_lr3e-4_wd0.8,moe32,,dclm-100m-train,92469693,2048,16,,3e-4,0.8,,4236,353,1.001,92536832,0,5.283,1.578,3469736_0.out
moe32_lr3e-4_wd0.8,moe32,,dclm-100m-train,92469693,2048,16,,3e-4,0.8,,4236,706,2.001,185073664,0,4.501,1.339,3469736_0.out
moe32_lr3e-4_wd0.8,moe32,,dclm-100m-train,92469693,2048,16,,3e-4,0.8,,4236,1059,3.002,277610496,0,4.191,1.241,3469736_0.out
moe32_lr3e-4_wd0.8,moe32,,dclm-100m-train,92469693,2048,16,,3e-4,0.8,,4236,1412,4.003,370147328,0,4.057,1.195,3469736_0.out
moe32_lr3e-4_wd0.8,moe32,,dclm-100m-train,92469693,2048,16,,3e-4,0.8,,4236,1764,5.001,462422016,0,4.031,1.191,3469736_0.out
moe32_lr3e-4_wd0.8,moe32,,dclm-100m-train,92469693,2048,16,,3e-4,0.8,,4236,2118,6.004,555220992,0,4.112,1.22,3469736_0.out
moe32_lr3e-4_wd0.8,moe32,,dclm-100m-train,92469693,2048,16,,3e-4,0.8,,4236,2300,6.52,602931200,0,4.281,,3469736_0.out
moe32_lr3e-4_wd0.8,moe32,,dclm-100m-train,92469693,2048,16,,3e-4,0.8,,4236,2471,7.005,647757824,0,4.357,1.306,3469736_0.out
moe32_lr3e-4_wd0.8,moe32,,dclm-100m-train,92469693,2048,16,,3e-4,0.8,,4236,2824,8.006,740294656,0,4.701,1.427,3469736_0.out
moe32_lr3e-4_wd0.8,moe32,,dclm-100m-train,92469693,2048,16,,3e-4,0.8,,4236,3177,9.007,832831488,0,5.049,1.544,3469736_0.out
moe32_lr3e-4_wd0.8,moe32,,dclm-100m-train,92469693,2048,16,,3e-4,0.8,,4236,3529,10.004,925106176,0,5.364,1.649,3469736_0.out
moe32_lr3e-4_wd0.8,moe32,,dclm-100m-train,92469693,2048,16,,3e-4,0.8,,4236,3883,11.008,1017905152,0,5.62,1.732,3469736_0.out
moe32_lr3e-4_wd0.8,moe32,,dclm-100m-train,92469693,2048,16,,3e-4,0.8,,4236,4236,12.009,1110441984,0,5.832,1.798,3469736_0.out
trunk_lr1e-2_wd0.1,trunk,,dclm-100m-train,92469693,2048,16,8192,1e-2,0.1,,4518,353,1.001,92536832,0,5.806,1.742,3466841_6.out
trunk_lr1e-2_wd0.1,trunk,,dclm-100m-train,92469693,2048,16,8192,1e-2,0.1,,4518,706,2.001,185073664,0,4.912,1.443,3466841_6.out
trunk_lr1e-2_wd0.1,trunk,,dclm-100m-train,92469693,2048,16,8192,1e-2,0.1,,4518,1059,3.002,277610496,0,4.369,1.289,3466841_6.out
trunk_lr1e-2_wd0.1,trunk,,dclm-100m-train,92469693,2048,16,8192,1e-2,0.1,,4518,1412,4.003,370147328,0,4.166,1.224,3466841_6.out
trunk_lr1e-2_wd0.1,trunk,,dclm-100m-train,92469693,2048,16,8192,1e-2,0.1,,4518,1764,5.001,462422016,0,4.092,1.192,3466841_6.out
trunk_lr1e-2_wd0.1,trunk,,dclm-100m-train,92469693,2048,16,8192,1e-2,0.1,,4518,2118,6.004,555220992,0,4.086,1.196,3466841_6.out
trunk_lr1e-2_wd0.1,trunk,,dclm-100m-train,92469693,2048,16,8192,1e-2,0.1,,4518,2471,7.005,647757824,0,4.082,1.183,3466841_6.out
trunk_lr1e-2_wd0.1,trunk,,dclm-100m-train,92469693,2048,16,8192,1e-2,0.1,,4518,2824,8.006,740294656,0,4.119,1.188,3466841_6.out
trunk_lr1e-2_wd0.1,trunk,,dclm-100m-train,92469693,2048,16,8192,1e-2,0.1,,4518,3177,9.007,832831488,0,4.158,1.2,3466841_6.out
trunk_lr1e-2_wd0.1,trunk,,dclm-100m-train,92469693,2048,16,8192,1e-2,0.1,,4518,3529,10.004,925106176,0,4.198,1.211,3466841_6.out
trunk_lr1e-2_wd0.1,trunk,,dclm-100m-train,92469693,2048,16,8192,1e-2,0.1,,4518,3883,11.008,1017905152,0,4.253,1.217,3466841_6.out
trunk_lr1e-2_wd0.1,trunk,,dclm-100m-train,92469693,2048,16,8192,1e-2,0.1,,4518,4236,12.009,1110441984,0,4.286,1.227,3466841_6.out
trunk_lr1e-2_wd0.1,trunk,,dclm-100m-train,92469693,2048,16,8192,1e-2,0.1,,4518,4518,12.808,1184366592,0,4.147,,3466841_6.out
trunk_lr1e-2_wd0.8,trunk,,dclm-100m-train,92469693,2048,16,8192,1e-2,0.8,,4518,353,1.001,92536832,0,5.659,1.716,3466841_7.out
trunk_lr1e-2_wd0.8,trunk,,dclm-100m-train,92469693,2048,16,8192,1e-2,0.8,,4518,706,2.001,185073664,0,4.967,1.453,3466841_7.out
trunk_lr1e-2_wd0.8,trunk,,dclm-100m-train,92469693,2048,16,8192,1e-2,0.8,,4518,1059,3.002,277610496,0,4.751,1.41,3466841_7.out
trunk_lr1e-2_wd0.8,trunk,,dclm-100m-train,92469693,2048,16,8192,1e-2,0.8,,4518,1412,4.003,370147328,0,4.798,1.415,3466841_7.out
trunk_lr1e-2_wd0.8,trunk,,dclm-100m-train,92469693,2048,16,8192,1e-2,0.8,,4518,1764,5.001,462422016,0,4.645,1.37,3466841_7.out
trunk_lr1e-2_wd0.8,trunk,,dclm-100m-train,92469693,2048,16,8192,1e-2,0.8,,4518,2118,6.004,555220992,0,4.582,1.345,3466841_7.out
trunk_lr1e-2_wd0.8,trunk,,dclm-100m-train,92469693,2048,16,8192,1e-2,0.8,,4518,2471,7.005,647757824,0,4.539,1.339,3466841_7.out
trunk_lr1e-2_wd0.8,trunk,,dclm-100m-train,92469693,2048,16,8192,1e-2,0.8,,4518,2824,8.006,740294656,0,4.521,1.327,3466841_7.out
trunk_lr1e-2_wd0.8,trunk,,dclm-100m-train,92469693,2048,16,8192,1e-2,0.8,,4518,3177,9.007,832831488,0,4.507,1.33,3466841_7.out
trunk_lr1e-2_wd0.8,trunk,,dclm-100m-train,92469693,2048,16,8192,1e-2,0.8,,4518,3529,10.004,925106176,0,4.607,1.349,3466841_7.out
trunk_lr1e-2_wd0.8,trunk,,dclm-100m-train,92469693,2048,16,8192,1e-2,0.8,,4518,3883,11.008,1017905152,0,4.569,1.342,3466841_7.out
trunk_lr1e-2_wd0.8,trunk,,dclm-100m-train,92469693,2048,16,8192,1e-2,0.8,,4518,4236,12.009,1110441984,0,4.469,1.311,3466841_7.out
trunk_lr1e-2_wd0.8,trunk,,dclm-100m-train,92469693,2048,16,8192,1e-2,0.8,,4518,4518,12.808,1184366592,0,4.515,,3466841_7.out
trunk_lr1e-2_wd3.2,trunk,,dclm-100m-train,92469693,2048,16,8192,1e-2,3.2,,4518,353,1.001,92536832,0,5.867,1.773,3466841_8.out
trunk_lr1e-2_wd3.2,trunk,,dclm-100m-train,92469693,2048,16,8192,1e-2,3.2,,4518,706,2.001,185073664,0,5.556,1.656,3466841_8.out
trunk_lr1e-2_wd3.2,trunk,,dclm-100m-train,92469693,2048,16,8192,1e-2,3.2,,4518,1059,3.002,277610496,0,5.564,1.656,3466841_8.out
trunk_lr1e-2_wd3.2,trunk,,dclm-100m-train,92469693,2048,16,8192,1e-2,3.2,,4518,1412,4.003,370147328,0,5.564,1.655,3466841_8.out
trunk_lr1e-2_wd3.2,trunk,,dclm-100m-train,92469693,2048,16,8192,1e-2,3.2,,4518,1764,5.001,462422016,0,5.529,1.656,3466841_8.out
trunk_lr1e-2_wd3.2,trunk,,dclm-100m-train,92469693,2048,16,8192,1e-2,3.2,,4518,2118,6.004,555220992,0,5.491,1.647,3466841_8.out
trunk_lr1e-2_wd3.2,trunk,,dclm-100m-train,92469693,2048,16,8192,1e-2,3.2,,4518,2471,7.005,647757824,0,5.545,1.648,3466841_8.out
trunk_lr1e-2_wd3.2,trunk,,dclm-100m-train,92469693,2048,16,8192,1e-2,3.2,,4518,2824,8.006,740294656,0,5.605,1.686,3466841_8.out
trunk_lr1e-2_wd3.2,trunk,,dclm-100m-train,92469693,2048,16,8192,1e-2,3.2,,4518,3177,9.007,832831488,0,5.463,1.616,3466841_8.out
trunk_lr1e-2_wd3.2,trunk,,dclm-100m-train,92469693,2048,16,8192,1e-2,3.2,,4518,3529,10.004,925106176,0,5.505,1.636,3466841_8.out
trunk_lr1e-2_wd3.2,trunk,,dclm-100m-train,92469693,2048,16,8192,1e-2,3.2,,4518,3883,11.008,1017905152,0,5.448,1.614,3466841_8.out
trunk_lr1e-2_wd3.2,trunk,,dclm-100m-train,92469693,2048,16,8192,1e-2,3.2,,4518,4236,12.009,1110441984,0,5.569,1.65,3466841_8.out
trunk_lr1e-2_wd3.2,trunk,,dclm-100m-train,92469693,2048,16,8192,1e-2,3.2,,4518,4518,12.808,1184366592,0,5.423,,3466841_8.out
trunk_lr1e-3_wd0.1,trunk,,dclm-100m-train,92469693,2048,16,8192,1e-3,0.1,,4518,353,1.001,92536832,0,5.302,1.576,3466841_0.out
trunk_lr1e-3_wd0.1,trunk,,dclm-100m-train,92469693,2048,16,8192,1e-3,0.1,,4518,706,2.001,185073664,0,4.468,1.323,3466841_0.out
trunk_lr1e-3_wd0.1,trunk,,dclm-100m-train,92469693,2048,16,8192,1e-3,0.1,,4518,1059,3.002,277610496,0,4.179,1.232,3466841_0.out
trunk_lr1e-3_wd0.1,trunk,,dclm-100m-train,92469693,2048,16,8192,1e-3,0.1,,4518,1412,4.003,370147328,0,4.079,1.202,3466841_0.out
trunk_lr1e-3_wd0.1,trunk,,dclm-100m-train,92469693,2048,16,8192,1e-3,0.1,,4518,1764,5.001,462422016,0,4.069,1.19,3466841_0.out
trunk_lr1e-3_wd0.1,trunk,,dclm-100m-train,92469693,2048,16,8192,1e-3,0.1,,4518,2118,6.004,555220992,0,4.158,1.215,3466841_0.out
trunk_lr1e-3_wd0.1,trunk,,dclm-100m-train,92469693,2048,16,8192,1e-3,0.1,,4518,2471,7.005,647757824,0,4.304,1.271,3466841_0.out
trunk_lr1e-3_wd0.1,trunk,,dclm-100m-train,92469693,2048,16,8192,1e-3,0.1,,4518,2824,8.006,740294656,0,4.515,1.332,3466841_0.out
trunk_lr1e-3_wd0.1,trunk,,dclm-100m-train,92469693,2048,16,8192,1e-3,0.1,,4518,3177,9.007,832831488,0,4.786,1.42,3466841_0.out
trunk_lr1e-3_wd0.1,trunk,,dclm-100m-train,92469693,2048,16,8192,1e-3,0.1,,4518,3529,10.004,925106176,0,5.09,1.517,3466841_0.out
trunk_lr1e-3_wd0.1,trunk,,dclm-100m-train,92469693,2048,16,8192,1e-3,0.1,,4518,3883,11.008,1017905152,0,5.371,1.605,3466841_0.out
trunk_lr1e-3_wd0.1,trunk,,dclm-100m-train,92469693,2048,16,8192,1e-3,0.1,,4518,4236,12.009,1110441984,0,5.684,1.708,3466841_0.out
trunk_lr1e-3_wd0.1,trunk,,dclm-100m-train,92469693,2048,16,8192,1e-3,0.1,,4518,4518,12.808,1184366592,0,5.582,,3466841_0.out
trunk_lr1e-3_wd0.8,trunk,,dclm-100m-train,92469693,2048,16,8192,1e-3,0.8,,9037,353,1.001,92536832,0,5.36,1.601,3466841_1.out|3481987_0.out
trunk_lr1e-3_wd0.8,trunk,,dclm-100m-train,92469693,2048,16,8192,1e-3,0.8,,9037,706,2.001,185073664,0,4.572,1.36,3466841_1.out|3481987_0.out
trunk_lr1e-3_wd0.8,trunk,,dclm-100m-train,92469693,2048,16,8192,1e-3,0.8,,9037,1059,3.002,277610496,0,4.282,1.264,3466841_1.out|3481987_0.out
trunk_lr1e-3_wd0.8,trunk,,dclm-100m-train,92469693,2048,16,8192,1e-3,0.8,,9037,1412,4.003,370147328,0,4.145,1.22,3466841_1.out|3481987_0.out
trunk_lr1e-3_wd0.8,trunk,,dclm-100m-train,92469693,2048,16,8192,1e-3,0.8,,9037,1764,5.001,462422016,0,4.068,1.19,3466841_1.out|3481987_0.out
trunk_lr1e-3_wd0.8,trunk,,dclm-100m-train,92469693,2048,16,8192,1e-3,0.8,,9037,2118,6.004,555220992,0,4.039,1.183,3466841_1.out|3481987_0.out
trunk_lr1e-3_wd0.8,trunk,,dclm-100m-train,92469693,2048,16,8192,1e-3,0.8,,9037,2471,7.005,647757824,0,4.024,1.175,3466841_1.out|3481987_0.out
trunk_lr1e-3_wd0.8,trunk,,dclm-100m-train,92469693,2048,16,8192,1e-3,0.8,,9037,2824,8.006,740294656,0,4.014,1.177,3466841_1.out|3481987_0.out
trunk_lr1e-3_wd0.8,trunk,,dclm-100m-train,92469693,2048,16,8192,1e-3,0.8,,9037,3177,9.007,832831488,0,4.023,1.182,3466841_1.out|3481987_0.out
trunk_lr1e-3_wd0.8,trunk,,dclm-100m-train,92469693,2048,16,8192,1e-3,0.8,,9037,3529,10.004,925106176,0,4.037,1.187,3466841_1.out|3481987_0.out
trunk_lr1e-3_wd0.8,trunk,,dclm-100m-train,92469693,2048,16,8192,1e-3,0.8,,9037,3883,11.008,1017905152,0,4.062,1.193,3466841_1.out|3481987_0.out
trunk_lr1e-3_wd0.8,trunk,,dclm-100m-train,92469693,2048,16,8192,1e-3,0.8,,9037,4236,12.009,1110441984,0,4.103,1.211,3466841_1.out|3481987_0.out
trunk_lr1e-3_wd0.8,trunk,,dclm-100m-train,92469693,2048,16,8192,1e-3,0.8,,9037,4518,12.808,1184366592,0,4.063,,3466841_1.out|3481987_0.out
trunk_lr1e-3_wd0.8,trunk,,dclm-100m-train,92469693,2048,16,8192,1e-3,0.8,,9037,4589,13.009,1202978816,0,4.127,1.223,3466841_1.out|3481987_0.out
trunk_lr1e-3_wd0.8,trunk,,dclm-100m-train,92469693,2048,16,8192,1e-3,0.8,,9037,4942,14.01,1295515648,0,4.172,1.236,3466841_1.out|3481987_0.out
trunk_lr1e-3_wd0.8,trunk,,dclm-100m-train,92469693,2048,16,8192,1e-3,0.8,,9037,5294,15.008,1387790336,0,4.206,1.244,3466841_1.out|3481987_0.out
trunk_lr1e-3_wd0.8,trunk,,dclm-100m-train,92469693,2048,16,8192,1e-3,0.8,,9037,5648,16.012,1480589312,0,4.244,1.262,3466841_1.out|3481987_0.out
trunk_lr1e-3_wd0.8,trunk,,dclm-100m-train,92469693,2048,16,8192,1e-3,0.8,,9037,6001,17.012,1573126144,0,4.284,1.275,3466841_1.out|3481987_0.out
trunk_lr1e-3_wd0.8,trunk,,dclm-100m-train,92469693,2048,16,8192,1e-3,0.8,,9037,6354,18.013,1665662976,0,4.333,1.302,3466841_1.out|3481987_0.out
trunk_lr1e-3_wd0.8,trunk,,dclm-100m-train,92469693,2048,16,8192,1e-3,0.8,,9037,6698,18.988,1755840512,0,4.209,,3466841_1.out|3481987_0.out
trunk_lr1e-3_wd0.8,trunk,,dclm-100m-train,92469693,2048,16,8192,1e-3,0.8,,9037,6707,19.014,1758199808,0,4.357,1.299,3466841_1.out|3481987_0.out
trunk_lr1e-3_wd0.8,trunk,,dclm-100m-train,92469693,2048,16,8192,1e-3,0.8,,9037,6925,19.632,1815347200,0,4.342,,3466841_1.out|3481987_0.out
trunk_lr1e-3_wd0.8,trunk,,dclm-100m-train,92469693,2048,16,8192,1e-3,0.8,,9037,7059,20.012,1850474496,0,4.401,1.32,3466841_1.out|3481987_0.out
trunk_lr1e-3_wd0.8,trunk,,dclm-100m-train,92469693,2048,16,8192,1e-3,0.8,,9037,7413,21.015,1943273472,0,4.439,1.341,3466841_1.out|3481987_0.out
trunk_lr1e-3_wd0.8,trunk,,dclm-100m-train,92469693,2048,16,8192,1e-3,0.8,,9037,7605,21.56,1993605120,0,4.411,,3466841_1.out|3481987_0.out
trunk_lr1e-3_wd0.8,trunk,,dclm-100m-train,92469693,2048,16,8192,1e-3,0.8,,9037,7766,22.016,2035810304,0,4.475,1.349,3466841_1.out|3481987_0.out
trunk_lr1e-3_wd0.8,trunk,,dclm-100m-train,92469693,2048,16,8192,1e-3,0.8,,9037,8119,23.017,2128347136,0,4.517,1.367,3466841_1.out|3481987_0.out
trunk_lr1e-3_wd0.8,trunk,,dclm-100m-train,92469693,2048,16,8192,1e-3,0.8,,9037,8231,23.334,2157707264,0,4.54,,3466841_1.out|3481987_0.out
trunk_lr1e-3_wd0.8,trunk,,dclm-100m-train,92469693,2048,16,8192,1e-3,0.8,,9037,8472,24.017,2220883968,0,4.546,1.379,3466841_1.out|3481987_0.out
trunk_lr1e-3_wd0.8,trunk,,dclm-100m-train,92469693,2048,16,8192,1e-3,0.8,,9037,8824,25.015,2313158656,0,4.589,1.398,3466841_1.out|3481987_0.out
trunk_lr1e-3_wd0.8,trunk,,dclm-100m-train,92469693,2048,16,8192,1e-3,0.8,,9037,9035,25.613,2368471040,0,4.514,,3466841_1.out|3481987_0.out
trunk_lr1e-3_wd0.8,trunk,,dclm-100m-train,92469693,2048,16,8192,1e-3,0.8,,9037,9037,25.619,2368995328,0,4.48,,3466841_1.out|3481987_0.out
trunk_lr1e-3_wd3.2,trunk,,dclm-100m-train,92469693,2048,16,8192,1e-3,3.2,,4518,353,1.001,92536832,0,5.459,1.635,3466841_2.out
trunk_lr1e-3_wd3.2,trunk,,dclm-100m-train,92469693,2048,16,8192,1e-3,3.2,,4518,706,2.001,185073664,0,5.094,1.527,3466841_2.out
trunk_lr1e-3_wd3.2,trunk,,dclm-100m-train,92469693,2048,16,8192,1e-3,3.2,,4518,1059,3.002,277610496,0,4.829,1.421,3466841_2.out
trunk_lr1e-3_wd3.2,trunk,,dclm-100m-train,92469693,2048,16,8192,1e-3,3.2,,4518,1412,4.003,370147328,0,4.641,1.37,3466841_2.out
trunk_lr1e-3_wd3.2,trunk,,dclm-100m-train,92469693,2048,16,8192,1e-3,3.2,,4518,1764,5.001,462422016,0,4.96,1.433,3466841_2.out
trunk_lr1e-3_wd3.2,trunk,,dclm-100m-train,92469693,2048,16,8192,1e-3,3.2,,4518,2118,6.004,555220992,0,4.486,1.313,3466841_2.out
trunk_lr1e-3_wd3.2,trunk,,dclm-100m-train,92469693,2048,16,8192,1e-3,3.2,,4518,2471,7.005,647757824,0,4.404,1.302,3466841_2.out
trunk_lr1e-3_wd3.2,trunk,,dclm-100m-train,92469693,2048,16,8192,1e-3,3.2,,4518,2824,8.006,740294656,0,4.342,1.279,3466841_2.out
trunk_lr1e-3_wd3.2,trunk,,dclm-100m-train,92469693,2048,16,8192,1e-3,3.2,,4518,3177,9.007,832831488,0,4.343,1.281,3466841_2.out
trunk_lr1e-3_wd3.2,trunk,,dclm-100m-train,92469693,2048,16,8192,1e-3,3.2,,4518,3529,10.004,925106176,0,4.396,1.291,3466841_2.out
trunk_lr1e-3_wd3.2,trunk,,dclm-100m-train,92469693,2048,16,8192,1e-3,3.2,,4518,3883,11.008,1017905152,0,4.415,1.282,3466841_2.out
trunk_lr1e-3_wd3.2,trunk,,dclm-100m-train,92469693,2048,16,8192,1e-3,3.2,,4518,4236,12.009,1110441984,0,4.334,1.268,3466841_2.out
trunk_lr1e-3_wd3.2,trunk,,dclm-100m-train,92469693,2048,16,8192,1e-3,3.2,,4518,4518,12.808,1184366592,0,4.257,,3466841_2.out
trunk_lr3e-3_wd0.1,trunk,,dclm-100m-train,92469693,2048,16,8192,3e-3,0.1,,4518,353,1.001,92536832,0,5.447,1.627,3466841_3.out
trunk_lr3e-3_wd0.1,trunk,,dclm-100m-train,92469693,2048,16,8192,3e-3,0.1,,4518,706,2.001,185073664,0,4.663,1.38,3466841_3.out
trunk_lr3e-3_wd0.1,trunk,,dclm-100m-train,92469693,2048,16,8192,3e-3,0.1,,4518,1059,3.002,277610496,0,4.29,1.261,3466841_3.out
trunk_lr3e-3_wd0.1,trunk,,dclm-100m-train,92469693,2048,16,8192,3e-3,0.1,,4518,1412,4.003,370147328,0,4.131,1.21,3466841_3.out
trunk_lr3e-3_wd0.1,trunk,,dclm-100m-train,92469693,2048,16,8192,3e-3,0.1,,4518,1764,5.001,462422016,0,4.071,1.185,3466841_3.out
trunk_lr3e-3_wd0.1,trunk,,dclm-100m-train,92469693,2048,16,8192,3e-3,0.1,,4518,2118,6.004,555220992,0,4.076,1.184,3466841_3.out
trunk_lr3e-3_wd0.1,trunk,,dclm-100m-train,92469693,2048,16,8192,3e-3,0.1,,4518,2471,7.005,647757824,0,4.114,1.202,3466841_3.out
trunk_lr3e-3_wd0.1,trunk,,dclm-100m-train,92469693,2048,16,8192,3e-3,0.1,,4518,2824,8.006,740294656,0,4.195,1.223,3466841_3.out
trunk_lr3e-3_wd0.1,trunk,,dclm-100m-train,92469693,2048,16,8192,3e-3,0.1,,4518,3177,9.007,832831488,0,4.32,1.266,3466841_3.out
trunk_lr3e-3_wd0.1,trunk,,dclm-100m-train,92469693,2048,16,8192,3e-3,0.1,,4518,3529,10.004,925106176,0,4.481,1.313,3466841_3.out
trunk_lr3e-3_wd0.1,trunk,,dclm-100m-train,92469693,2048,16,8192,3e-3,0.1,,4518,3883,11.008,1017905152,0,4.622,1.346,3466841_3.out
trunk_lr3e-3_wd0.1,trunk,,dclm-100m-train,92469693,2048,16,8192,3e-3,0.1,,4518,4236,12.009,1110441984,0,4.797,1.396,3466841_3.out
trunk_lr3e-3_wd0.1,trunk,,dclm-100m-train,92469693,2048,16,8192,3e-3,0.1,,4518,4518,12.808,1184366592,0,4.597,,3466841_3.out
trunk_lr3e-3_wd0.8,trunk,,dclm-100m-train,92469693,2048,16,8192,3e-3,0.8,,4518,353,1.001,92536832,0,5.535,1.656,3460954_4.out
trunk_lr3e-3_wd0.8,trunk,,dclm-100m-train,92469693,2048,16,8192,3e-3,0.8,,4518,706,2.001,185073664,0,4.886,1.445,3460954_4.out
trunk_lr3e-3_wd0.8,trunk,,dclm-100m-train,92469693,2048,16,8192,3e-3,0.8,,4518,1059,3.002,277610496,0,4.424,1.302,3460954_4.out
trunk_lr3e-3_wd0.8,trunk,,dclm-100m-train,92469693,2048,16,8192,3e-3,0.8,,4518,1412,4.003,370147328,0,4.247,1.245,3460954_4.out
trunk_lr3e-3_wd0.8,trunk,,dclm-100m-train,92469693,2048,16,8192,3e-3,0.8,,4518,1764,5.001,462422016,0,4.17,1.213,3460954_4.out
trunk_lr3e-3_wd0.8,trunk,,dclm-100m-train,92469693,2048,16,8192,3e-3,0.8,,4518,2118,6.004,555220992,0,4.108,1.188,3460954_4.out
trunk_lr3e-3_wd0.8,trunk,,dclm-100m-train,92469693,2048,16,8192,3e-3,0.8,,4518,2471,7.005,647757824,0,4.081,1.195,3460954_4.out
trunk_lr3e-3_wd0.8,trunk,,dclm-100m-train,92469693,2048,16,8192,3e-3,0.8,,4518,2824,8.006,740294656,0,4.065,1.185,3460954_4.out
trunk_lr3e-3_wd0.8,trunk,,dclm-100m-train,92469693,2048,16,8192,3e-3,0.8,,4518,3177,9.007,832831488,0,4.072,1.182,3460954_4.out
trunk_lr3e-3_wd0.8,trunk,,dclm-100m-train,92469693,2048,16,8192,3e-3,0.8,,4518,3529,10.004,925106176,0,4.057,1.177,3460954_4.out
trunk_lr3e-3_wd0.8,trunk,,dclm-100m-train,92469693,2048,16,8192,3e-3,0.8,,4518,3883,11.008,1017905152,0,4.044,1.173,3460954_4.out
trunk_lr3e-3_wd0.8,trunk,,dclm-100m-train,92469693,2048,16,8192,3e-3,0.8,,4518,4236,12.009,1110441984,0,4.058,1.175,3460954_4.out
trunk_lr3e-3_wd0.8,trunk,,dclm-100m-train,92469693,2048,16,8192,3e-3,0.8,,4518,4518,12.808,1184366592,0,4.08,,3460954_4.out
trunk_lr3e-3_wd3.2,trunk,,dclm-100m-train,92469693,2048,16,8192,3e-3,3.2,,4518,353,1.001,92536832,0,5.997,1.826,3466841_5.out
trunk_lr3e-3_wd3.2,trunk,,dclm-100m-train,92469693,2048,16,8192,3e-3,3.2,,4518,706,2.001,185073664,0,5.354,1.606,3466841_5.out
trunk_lr3e-3_wd3.2,trunk,,dclm-100m-train,92469693,2048,16,8192,3e-3,3.2,,4518,1059,3.002,277610496,0,5.159,1.526,3466841_5.out
trunk_lr3e-3_wd3.2,trunk,,dclm-100m-train,92469693,2048,16,8192,3e-3,3.2,,4518,1412,4.003,370147328,0,5.132,1.526,3466841_5.out
trunk_lr3e-3_wd3.2,trunk,,dclm-100m-train,92469693,2048,16,8192,3e-3,3.2,,4518,1764,5.001,462422016,0,5.1,1.502,3466841_5.out
trunk_lr3e-3_wd3.2,trunk,,dclm-100m-train,92469693,2048,16,8192,3e-3,3.2,,4518,2118,6.004,555220992,0,5.106,1.513,3466841_5.out
trunk_lr3e-3_wd3.2,trunk,,dclm-100m-train,92469693,2048,16,8192,3e-3,3.2,,4518,2471,7.005,647757824,0,5.025,1.486,3466841_5.out
trunk_lr3e-3_wd3.2,trunk,,dclm-100m-train,92469693,2048,16,8192,3e-3,3.2,,4518,2824,8.006,740294656,0,4.985,1.489,3466841_5.out
trunk_lr3e-3_wd3.2,trunk,,dclm-100m-train,92469693,2048,16,8192,3e-3,3.2,,4518,3177,9.007,832831488,0,4.975,1.479,3466841_5.out
trunk_lr3e-3_wd3.2,trunk,,dclm-100m-train,92469693,2048,16,8192,3e-3,3.2,,4518,3529,10.004,925106176,0,5.09,1.519,3466841_5.out
trunk_lr3e-3_wd3.2,trunk,,dclm-100m-train,92469693,2048,16,8192,3e-3,3.2,,4518,3883,11.008,1017905152,0,4.98,1.48,3466841_5.out
trunk_lr3e-3_wd3.2,trunk,,dclm-100m-train,92469693,2048,16,8192,3e-3,3.2,,4518,4236,12.009,1110441984,0,4.909,1.448,3466841_5.out
trunk_lr3e-3_wd3.2,trunk,,dclm-100m-train,92469693,2048,16,8192,3e-3,3.2,,4518,4518,12.808,1184366592,0,4.913,,3466841_5.out
trunk_lr3e-4_wd0.8,trunk,,dclm-100m-train,92469693,2048,16,8192,3e-4,0.8,,4518,353,1.001,92536832,0,5.172,1.54,3473121_1.out
trunk_lr3e-4_wd0.8,trunk,,dclm-100m-train,92469693,2048,16,8192,3e-4,0.8,,4518,706,2.001,185073664,0,4.508,1.338,3473121_1.out
trunk_lr3e-4_wd0.8,trunk,,dclm-100m-train,92469693,2048,16,8192,3e-4,0.8,,4518,1059,3.002,277610496,0,4.206,1.24,3473121_1.out
trunk_lr3e-4_wd0.8,trunk,,dclm-100m-train,92469693,2048,16,8192,3e-4,0.8,,4518,1412,4.003,370147328,0,4.085,1.205,3473121_1.out
trunk_lr3e-4_wd0.8,trunk,,dclm-100m-train,92469693,2048,16,8192,3e-4,0.8,,4518,1764,5.001,462422016,0,4.043,1.202,3473121_1.out
trunk_lr3e-4_wd0.8,trunk,,dclm-100m-train,92469693,2048,16,8192,3e-4,0.8,,4518,2118,6.004,555220992,0,4.073,1.212,3473121_1.out
trunk_lr3e-4_wd0.8,trunk,,dclm-100m-train,92469693,2048,16,8192,3e-4,0.8,,4518,2471,7.005,647757824,0,4.176,1.249,3473121_1.out
trunk_lr3e-4_wd0.8,trunk,,dclm-100m-train,92469693,2048,16,8192,3e-4,0.8,,4518,2824,8.006,740294656,0,4.296,1.294,3473121_1.out
trunk_lr3e-4_wd0.8,trunk,,dclm-100m-train,92469693,2048,16,8192,3e-4,0.8,,4518,3177,9.007,832831488,0,4.438,1.346,3473121_1.out
trunk_lr3e-4_wd0.8,trunk,,dclm-100m-train,92469693,2048,16,8192,3e-4,0.8,,4518,3529,10.004,925106176,0,4.628,1.421,3473121_1.out
trunk_lr3e-4_wd0.8,trunk,,dclm-100m-train,92469693,2048,16,8192,3e-4,0.8,,4518,3883,11.008,1017905152,0,4.778,1.482,3473121_1.out
trunk_lr3e-4_wd0.8,trunk,,dclm-100m-train,92469693,2048,16,8192,3e-4,0.8,,4518,4236,12.009,1110441984,0,4.939,1.535,3473121_1.out
trunk_lr3e-4_wd0.8,trunk,,dclm-100m-train,92469693,2048,16,8192,3e-4,0.8,,4518,4518,12.808,1184366592,0,4.946,,3473121_1.out
trunk_early_lr1e-3_wd0.8,trunk,early,dclm-100m-train,92469693,2048,16,8192,1e-3,0.8,,1412,353,1.001,92536832,0,5.28,1.568,3481989_0.out
trunk_early_lr1e-3_wd0.8,trunk,early,dclm-100m-train,92469693,2048,16,8192,1e-3,0.8,,1412,706,2.001,185073664,0,4.492,1.337,3481989_0.out
trunk_early_lr1e-3_wd0.8,trunk,early,dclm-100m-train,92469693,2048,16,8192,1e-3,0.8,,1412,1059,3.002,277610496,0,4.205,1.24,3481989_0.out
trunk_early_lr1e-3_wd0.8,trunk,early,dclm-100m-train,92469693,2048,16,8192,1e-3,0.8,,1412,1412,4.003,370147328,0,4.094,1.199,3481989_0.out
trunk_moeB_lr1e-2_wd0.1,trunk,moeB,dclm-100m-train,92469693,2048,16,,1e-2,0.1,,4243,231,0.655,60555264,0,7.246,,3482960_0.out
trunk_moeB_lr1e-2_wd0.1,trunk,moeB,dclm-100m-train,92469693,2048,16,,1e-2,0.1,,4243,353,1.001,92536832,0,6.139,1.873,3482960_0.out
trunk_moeB_lr1e-2_wd0.1,trunk,moeB,dclm-100m-train,92469693,2048,16,,1e-2,0.1,,4243,610,1.729,159907840,0,5.505,,3482960_0.out
trunk_moeB_lr1e-2_wd0.1,trunk,moeB,dclm-100m-train,92469693,2048,16,,1e-2,0.1,,4243,706,2.001,185073664,0,5.038,1.49,3482960_0.out
trunk_moeB_lr1e-2_wd0.1,trunk,moeB,dclm-100m-train,92469693,2048,16,,1e-2,0.1,,4243,1039,2.945,272367616,0,4.582,,3482960_0.out
trunk_moeB_lr1e-2_wd0.1,trunk,moeB,dclm-100m-train,92469693,2048,16,,1e-2,0.1,,4243,1059,3.002,277610496,0,4.473,1.322,3482960_0.out
trunk_moeB_lr1e-2_wd0.1,trunk,moeB,dclm-100m-train,92469693,2048,16,,1e-2,0.1,,4243,1241,3.518,325320704,0,4.376,,3482960_0.out
trunk_moeB_lr1e-2_wd0.8,trunk,moeB,dclm-100m-train,92469693,2048,16,,1e-2,0.8,,4243,353,1.001,92536832,0,5.877,1.785,3482961_0.out
trunk_moeB_lr1e-2_wd0.8,trunk,moeB,dclm-100m-train,92469693,2048,16,,1e-2,0.8,,4243,706,2.001,185073664,0,5.12,1.493,3482961_0.out
trunk_moeB_lr1e-2_wd0.8,trunk,moeB,dclm-100m-train,92469693,2048,16,,1e-2,0.8,,4243,1059,3.002,277610496,0,4.77,1.393,3482961_0.out
trunk_moeB_lr1e-2_wd0.8,trunk,moeB,dclm-100m-train,92469693,2048,16,,1e-2,0.8,,4243,1412,4.003,370147328,0,4.656,1.367,3482961_0.out
trunk_moeB_lr1e-2_wd0.8,trunk,moeB,dclm-100m-train,92469693,2048,16,,1e-2,0.8,,4243,1764,5.001,462422016,0,4.584,1.341,3482961_0.out
trunk_moeB_lr1e-2_wd0.8,trunk,moeB,dclm-100m-train,92469693,2048,16,,1e-2,0.8,,4243,2118,6.004,555220992,0,4.584,1.338,3482961_0.out
trunk_moeB_lr1e-2_wd0.8,trunk,moeB,dclm-100m-train,92469693,2048,16,,1e-2,0.8,,4243,2200,6.237,576716800,0,4.519,,3482961_0.out
trunk_moeB_lr1e-2_wd0.8,trunk,moeB,dclm-100m-train,92469693,2048,16,,1e-2,0.8,,4243,2262,6.413,592969728,0,4.845,,3482961_0.out
trunk_moeB_lr1e-2_wd3.2,trunk,moeB,dclm-100m-train,92469693,2048,16,,1e-2,3.2,,4243,353,1.001,92536832,0,5.947,1.801,3482962_0.out
trunk_moeB_lr1e-2_wd3.2,trunk,moeB,dclm-100m-train,92469693,2048,16,,1e-2,3.2,,4243,706,2.001,185073664,0,5.613,1.681,3482962_0.out
trunk_moeB_lr1e-2_wd3.2,trunk,moeB,dclm-100m-train,92469693,2048,16,,1e-2,3.2,,4243,1059,3.002,277610496,0,5.638,1.68,3482962_0.out
trunk_moeB_lr1e-2_wd3.2,trunk,moeB,dclm-100m-train,92469693,2048,16,,1e-2,3.2,,4243,1412,4.003,370147328,0,5.549,1.642,3482962_0.out
trunk_moeB_lr1e-2_wd3.2,trunk,moeB,dclm-100m-train,92469693,2048,16,,1e-2,3.2,,4243,1764,5.001,462422016,0,5.506,1.645,3482962_0.out
trunk_moeB_lr1e-2_wd3.2,trunk,moeB,dclm-100m-train,92469693,2048,16,,1e-2,3.2,,4243,2118,6.004,555220992,0,5.557,1.678,3482962_0.out
trunk_moeB_lr1e-2_wd3.2,trunk,moeB,dclm-100m-train,92469693,2048,16,,1e-2,3.2,,4243,2237,6.342,586416128,0,5.566,,3482962_0.out
trunk_n761m_lr1e-2_wd0.1,trunk,n761m,dclm-100m-train,92469693,1536,12,6144,1e-2,0.1,,4518,353,1.001,92536832,0,5.513,1.637,3474490_6.out
trunk_n761m_lr1e-2_wd0.1,trunk,n761m,dclm-100m-train,92469693,1536,12,6144,1e-2,0.1,,4518,706,2.001,185073664,0,4.694,1.385,3474490_6.out
trunk_n761m_lr1e-2_wd0.1,trunk,n761m,dclm-100m-train,92469693,1536,12,6144,1e-2,0.1,,4518,1059,3.002,277610496,0,4.316,1.267,3474490_6.out
trunk_n761m_lr1e-2_wd0.1,trunk,n761m,dclm-100m-train,92469693,1536,12,6144,1e-2,0.1,,4518,1412,4.003,370147328,0,4.184,1.222,3474490_6.out
trunk_n761m_lr1e-2_wd0.1,trunk,n761m,dclm-100m-train,92469693,1536,12,6144,1e-2,0.1,,4518,1764,5.001,462422016,0,4.119,1.197,3474490_6.out
trunk_n761m_lr1e-2_wd0.1,trunk,n761m,dclm-100m-train,92469693,1536,12,6144,1e-2,0.1,,4518,2118,6.004,555220992,0,4.112,1.188,3474490_6.out
trunk_n761m_lr1e-2_wd0.1,trunk,n761m,dclm-100m-train,92469693,1536,12,6144,1e-2,0.1,,4518,2471,7.005,647757824,0,4.109,1.191,3474490_6.out
trunk_n761m_lr1e-2_wd0.1,trunk,n761m,dclm-100m-train,92469693,1536,12,6144,1e-2,0.1,,4518,2824,8.006,740294656,0,4.134,1.189,3474490_6.out
trunk_n761m_lr1e-2_wd0.1,trunk,n761m,dclm-100m-train,92469693,1536,12,6144,1e-2,0.1,,4518,3177,9.007,832831488,0,4.156,1.198,3474490_6.out
trunk_n761m_lr1e-2_wd0.1,trunk,n761m,dclm-100m-train,92469693,1536,12,6144,1e-2,0.1,,4518,3529,10.004,925106176,0,4.186,1.206,3474490_6.out
trunk_n761m_lr1e-2_wd0.1,trunk,n761m,dclm-100m-train,92469693,1536,12,6144,1e-2,0.1,,4518,3883,11.008,1017905152,0,4.211,1.21,3474490_6.out
trunk_n761m_lr1e-2_wd0.1,trunk,n761m,dclm-100m-train,92469693,1536,12,6144,1e-2,0.1,,4518,4236,12.009,1110441984,0,4.25,1.214,3474490_6.out
trunk_n761m_lr1e-2_wd0.1,trunk,n761m,dclm-100m-train,92469693,1536,12,6144,1e-2,0.1,,4518,4518,12.808,1184366592,0,4.129,,3474490_6.out
trunk_n761m_lr1e-2_wd0.8,trunk,n761m,dclm-100m-train,92469693,1536,12,6144,1e-2,0.8,,4518,353,1.001,92536832,0,5.495,1.649,3474490_7.out
trunk_n761m_lr1e-2_wd0.8,trunk,n761m,dclm-100m-train,92469693,1536,12,6144,1e-2,0.8,,4518,706,2.001,185073664,0,5.041,1.466,3474490_7.out
trunk_n761m_lr1e-2_wd0.8,trunk,n761m,dclm-100m-train,92469693,1536,12,6144,1e-2,0.8,,4518,1059,3.002,277610496,0,4.757,1.39,3474490_7.out
trunk_n761m_lr1e-2_wd0.8,trunk,n761m,dclm-100m-train,92469693,1536,12,6144,1e-2,0.8,,4518,1412,4.003,370147328,0,4.651,1.361,3474490_7.out
trunk_n761m_lr1e-2_wd0.8,trunk,n761m,dclm-100m-train,92469693,1536,12,6144,1e-2,0.8,,4518,1764,5.001,462422016,0,4.634,1.357,3474490_7.out
trunk_n761m_lr1e-2_wd0.8,trunk,n761m,dclm-100m-train,92469693,1536,12,6144,1e-2,0.8,,4518,2118,6.004,555220992,0,4.748,1.403,3474490_7.out
trunk_n761m_lr1e-2_wd0.8,trunk,n761m,dclm-100m-train,92469693,1536,12,6144,1e-2,0.8,,4518,2471,7.005,647757824,0,4.749,1.397,3474490_7.out
trunk_n761m_lr1e-2_wd0.8,trunk,n761m,dclm-100m-train,92469693,1536,12,6144,1e-2,0.8,,4518,2824,8.006,740294656,0,4.562,1.333,3474490_7.out
trunk_n761m_lr1e-2_wd0.8,trunk,n761m,dclm-100m-train,92469693,1536,12,6144,1e-2,0.8,,4518,3177,9.007,832831488,0,4.542,1.32,3474490_7.out
trunk_n761m_lr1e-2_wd0.8,trunk,n761m,dclm-100m-train,92469693,1536,12,6144,1e-2,0.8,,4518,3529,10.004,925106176,0,4.538,1.312,3474490_7.out
trunk_n761m_lr1e-2_wd0.8,trunk,n761m,dclm-100m-train,92469693,1536,12,6144,1e-2,0.8,,4518,3883,11.008,1017905152,0,4.464,1.298,3474490_7.out
trunk_n761m_lr1e-2_wd0.8,trunk,n761m,dclm-100m-train,92469693,1536,12,6144,1e-2,0.8,,4518,4236,12.009,1110441984,0,4.481,1.302,3474490_7.out
trunk_n761m_lr1e-2_wd0.8,trunk,n761m,dclm-100m-train,92469693,1536,12,6144,1e-2,0.8,,4518,4518,12.808,1184366592,0,4.476,,3474490_7.out
trunk_n761m_lr1e-2_wd3.2,trunk,n761m,dclm-100m-train,92469693,1536,12,6144,1e-2,3.2,,4518,353,1.001,92536832,0,5.843,1.771,3474490_8.out
trunk_n761m_lr1e-2_wd3.2,trunk,n761m,dclm-100m-train,92469693,1536,12,6144,1e-2,3.2,,4518,706,2.001,185073664,0,5.614,1.678,3474490_8.out
trunk_n761m_lr1e-2_wd3.2,trunk,n761m,dclm-100m-train,92469693,1536,12,6144,1e-2,3.2,,4518,1059,3.002,277610496,0,5.557,1.654,3474490_8.out
trunk_n761m_lr1e-2_wd3.2,trunk,n761m,dclm-100m-train,92469693,1536,12,6144,1e-2,3.2,,4518,1412,4.003,370147328,0,5.579,1.668,3474490_8.out
trunk_n761m_lr1e-2_wd3.2,trunk,n761m,dclm-100m-train,92469693,1536,12,6144,1e-2,3.2,,4518,1764,5.001,462422016,0,5.511,1.645,3474490_8.out
trunk_n761m_lr1e-2_wd3.2,trunk,n761m,dclm-100m-train,92469693,1536,12,6144,1e-2,3.2,,4518,2118,6.004,555220992,0,5.576,1.669,3474490_8.out
trunk_n761m_lr1e-2_wd3.2,trunk,n761m,dclm-100m-train,92469693,1536,12,6144,1e-2,3.2,,4518,2471,7.005,647757824,0,5.542,1.651,3474490_8.out
trunk_n761m_lr1e-2_wd3.2,trunk,n761m,dclm-100m-train,92469693,1536,12,6144,1e-2,3.2,,4518,2824,8.006,740294656,0,5.511,1.64,3474490_8.out
trunk_n761m_lr1e-2_wd3.2,trunk,n761m,dclm-100m-train,92469693,1536,12,6144,1e-2,3.2,,4518,3177,9.007,832831488,0,5.504,1.64,3474490_8.out
trunk_n761m_lr1e-2_wd3.2,trunk,n761m,dclm-100m-train,92469693,1536,12,6144,1e-2,3.2,,4518,3529,10.004,925106176,0,5.501,1.638,3474490_8.out
trunk_n761m_lr1e-2_wd3.2,trunk,n761m,dclm-100m-train,92469693,1536,12,6144,1e-2,3.2,,4518,3883,11.008,1017905152,0,5.475,1.636,3474490_8.out
trunk_n761m_lr1e-2_wd3.2,trunk,n761m,dclm-100m-train,92469693,1536,12,6144,1e-2,3.2,,4518,4236,12.009,1110441984,0,5.476,1.628,3474490_8.out
trunk_n761m_lr1e-2_wd3.2,trunk,n761m,dclm-100m-train,92469693,1536,12,6144,1e-2,3.2,,4518,4518,12.808,1184366592,0,5.491,,3474490_8.out
trunk_n761m_lr1e-3_wd0.1,trunk,n761m,dclm-100m-train,92469693,1536,12,6144,1e-3,0.1,,4518,353,1.001,92536832,0,5.17,1.523,3474490_0.out
trunk_n761m_lr1e-3_wd0.1,trunk,n761m,dclm-100m-train,92469693,1536,12,6144,1e-3,0.1,,4518,706,2.001,185073664,0,4.452,1.316,3474490_0.out
trunk_n761m_lr1e-3_wd0.1,trunk,n761m,dclm-100m-train,92469693,1536,12,6144,1e-3,0.1,,4518,1059,3.002,277610496,0,4.187,1.227,3474490_0.out
trunk_n761m_lr1e-3_wd0.1,trunk,n761m,dclm-100m-train,92469693,1536,12,6144,1e-3,0.1,,4518,1412,4.003,370147328,0,4.085,1.201,3474490_0.out
trunk_n761m_lr1e-3_wd0.1,trunk,n761m,dclm-100m-train,92469693,1536,12,6144,1e-3,0.1,,4518,1764,5.001,462422016,0,4.054,1.188,3474490_0.out
trunk_n761m_lr1e-3_wd0.1,trunk,n761m,dclm-100m-train,92469693,1536,12,6144,1e-3,0.1,,4518,2118,6.004,555220992,0,4.077,1.194,3474490_0.out
trunk_n761m_lr1e-3_wd0.1,trunk,n761m,dclm-100m-train,92469693,1536,12,6144,1e-3,0.1,,4518,2471,7.005,647757824,0,4.145,1.22,3474490_0.out
trunk_n761m_lr1e-3_wd0.1,trunk,n761m,dclm-100m-train,92469693,1536,12,6144,1e-3,0.1,,4518,2824,8.006,740294656,0,4.251,1.246,3474490_0.out
trunk_n761m_lr1e-3_wd0.1,trunk,n761m,dclm-100m-train,92469693,1536,12,6144,1e-3,0.1,,4518,3177,9.007,832831488,0,4.374,1.293,3474490_0.out
trunk_n761m_lr1e-3_wd0.1,trunk,n761m,dclm-100m-train,92469693,1536,12,6144,1e-3,0.1,,4518,3529,10.004,925106176,0,4.519,1.339,3474490_0.out
trunk_n761m_lr1e-3_wd0.1,trunk,n761m,dclm-100m-train,92469693,1536,12,6144,1e-3,0.1,,4518,3883,11.008,1017905152,0,4.676,1.382,3474490_0.out
trunk_n761m_lr1e-3_wd0.1,trunk,n761m,dclm-100m-train,92469693,1536,12,6144,1e-3,0.1,,4518,4236,12.009,1110441984,0,4.864,1.448,3474490_0.out
trunk_n761m_lr1e-3_wd0.1,trunk,n761m,dclm-100m-train,92469693,1536,12,6144,1e-3,0.1,,4518,4518,12.808,1184366592,0,4.756,,3474490_0.out
trunk_n761m_lr1e-3_wd0.8,trunk,n761m,dclm-100m-train,92469693,1536,12,6144,1e-3,0.8,,9037,353,1.001,92536832,0,5.194,1.526,3474490_1.out|3481988_0.out
trunk_n761m_lr1e-3_wd0.8,trunk,n761m,dclm-100m-train,92469693,1536,12,6144,1e-3,0.8,,9037,706,2.001,185073664,0,4.516,1.334,3474490_1.out|3481988_0.out
trunk_n761m_lr1e-3_wd0.8,trunk,n761m,dclm-100m-train,92469693,1536,12,6144,1e-3,0.8,,9037,1059,3.002,277610496,0,4.228,1.247,3474490_1.out|3481988_0.out
trunk_n761m_lr1e-3_wd0.8,trunk,n761m,dclm-100m-train,92469693,1536,12,6144,1e-3,0.8,,9037,1412,4.003,370147328,0,4.12,1.213,3474490_1.out|3481988_0.out
trunk_n761m_lr1e-3_wd0.8,trunk,n761m,dclm-100m-train,92469693,1536,12,6144,1e-3,0.8,,9037,1764,5.001,462422016,0,4.052,1.187,3474490_1.out|3481988_0.out
trunk_n761m_lr1e-3_wd0.8,trunk,n761m,dclm-100m-train,92469693,1536,12,6144,1e-3,0.8,,9037,2118,6.004,555220992,0,4.008,1.177,3474490_1.out|3481988_0.out
trunk_n761m_lr1e-3_wd0.8,trunk,n761m,dclm-100m-train,92469693,1536,12,6144,1e-3,0.8,,9037,2471,7.005,647757824,0,4.001,1.174,3474490_1.out|3481988_0.out
trunk_n761m_lr1e-3_wd0.8,trunk,n761m,dclm-100m-train,92469693,1536,12,6144,1e-3,0.8,,9037,2824,8.006,740294656,0,3.984,1.164,3474490_1.out|3481988_0.out
trunk_n761m_lr1e-3_wd0.8,trunk,n761m,dclm-100m-train,92469693,1536,12,6144,1e-3,0.8,,9037,3177,9.007,832831488,0,3.985,1.174,3474490_1.out|3481988_0.out
trunk_n761m_lr1e-3_wd0.8,trunk,n761m,dclm-100m-train,92469693,1536,12,6144,1e-3,0.8,,9037,3529,10.004,925106176,0,3.982,1.165,3474490_1.out|3481988_0.out
trunk_n761m_lr1e-3_wd0.8,trunk,n761m,dclm-100m-train,92469693,1536,12,6144,1e-3,0.8,,9037,3883,11.008,1017905152,0,3.988,1.168,3474490_1.out|3481988_0.out
trunk_n761m_lr1e-3_wd0.8,trunk,n761m,dclm-100m-train,92469693,1536,12,6144,1e-3,0.8,,9037,4236,12.009,1110441984,0,4.009,1.176,3474490_1.out|3481988_0.out
trunk_n761m_lr1e-3_wd0.8,trunk,n761m,dclm-100m-train,92469693,1536,12,6144,1e-3,0.8,,9037,4518,12.808,1184366592,0,3.978,,3474490_1.out|3481988_0.out
trunk_n761m_lr1e-3_wd0.8,trunk,n761m,dclm-100m-train,92469693,1536,12,6144,1e-3,0.8,,9037,4589,13.009,1202978816,0,4.016,1.179,3474490_1.out|3481988_0.out
trunk_n761m_lr1e-3_wd0.8,trunk,n761m,dclm-100m-train,92469693,1536,12,6144,1e-3,0.8,,9037,4930,13.976,1292369920,0,3.976,,3474490_1.out|3481988_0.out
trunk_n761m_lr1e-3_wd0.8,trunk,n761m,dclm-100m-train,92469693,1536,12,6144,1e-3,0.8,,9037,4942,14.01,1295515648,0,4.033,1.183,3474490_1.out|3481988_0.out
trunk_n761m_lr1e-3_wd0.8,trunk,n761m,dclm-100m-train,92469693,1536,12,6144,1e-3,0.8,,9037,5294,15.008,1387790336,0,4.046,1.19,3474490_1.out|3481988_0.out
trunk_n761m_lr1e-3_wd0.8,trunk,n761m,dclm-100m-train,92469693,1536,12,6144,1e-3,0.8,,9037,5326,15.099,1396178944,0,3.986,,3474490_1.out|3481988_0.out
trunk_n761m_lr1e-3_wd0.8,trunk,n761m,dclm-100m-train,92469693,1536,12,6144,1e-3,0.8,,9037,5648,16.012,1480589312,0,4.063,1.197,3474490_1.out|3481988_0.out
trunk_n761m_lr1e-3_wd0.8,trunk,n761m,dclm-100m-train,92469693,1536,12,6144,1e-3,0.8,,9037,6001,17.012,1573126144,0,4.079,1.198,3474490_1.out|3481988_0.out
trunk_n761m_lr1e-3_wd0.8,trunk,n761m,dclm-100m-train,92469693,1536,12,6144,1e-3,0.8,,9037,6354,18.013,1665662976,0,4.096,1.212,3474490_1.out|3481988_0.out
trunk_n761m_lr1e-3_wd0.8,trunk,n761m,dclm-100m-train,92469693,1536,12,6144,1e-3,0.8,,9037,6604,18.722,1731198976,0,4.054,,3474490_1.out|3481988_0.out
trunk_n761m_lr1e-3_wd0.8,trunk,n761m,dclm-100m-train,92469693,1536,12,6144,1e-3,0.8,,9037,6707,19.014,1758199808,0,4.112,1.214,3474490_1.out|3481988_0.out
trunk_n761m_lr1e-3_wd0.8,trunk,n761m,dclm-100m-train,92469693,1536,12,6144,1e-3,0.8,,9037,7059,20.012,1850474496,0,4.132,1.223,3474490_1.out|3481988_0.out
trunk_n761m_lr1e-3_wd0.8,trunk,n761m,dclm-100m-train,92469693,1536,12,6144,1e-3,0.8,,9037,7413,21.015,1943273472,0,4.147,1.231,3474490_1.out|3481988_0.out
trunk_n761m_lr1e-3_wd0.8,trunk,n761m,dclm-100m-train,92469693,1536,12,6144,1e-3,0.8,,9037,7766,22.016,2035810304,0,4.165,1.231,3474490_1.out|3481988_0.out
trunk_n761m_lr1e-3_wd0.8,trunk,n761m,dclm-100m-train,92469693,1536,12,6144,1e-3,0.8,,9037,8119,23.017,2128347136,0,4.186,1.237,3474490_1.out|3481988_0.out
trunk_n761m_lr1e-3_wd0.8,trunk,n761m,dclm-100m-train,92469693,1536,12,6144,1e-3,0.8,,9037,8472,24.017,2220883968,0,4.206,1.239,3474490_1.out|3481988_0.out
trunk_n761m_lr1e-3_wd0.8,trunk,n761m,dclm-100m-train,92469693,1536,12,6144,1e-3,0.8,,9037,8824,25.015,2313158656,0,4.228,1.249,3474490_1.out|3481988_0.out
trunk_n761m_lr1e-3_wd0.8,trunk,n761m,dclm-100m-train,92469693,1536,12,6144,1e-3,0.8,,9037,8946,25.361,2345140224,0,4.225,,3474490_1.out|3481988_0.out
trunk_n761m_lr1e-3_wd0.8,trunk,n761m,dclm-100m-train,92469693,1536,12,6144,1e-3,0.8,,9037,9037,25.619,2368995328,0,4.161,,3474490_1.out|3481988_0.out
trunk_n761m_lr1e-3_wd3.2,trunk,n761m,dclm-100m-train,92469693,1536,12,6144,1e-3,3.2,,4518,353,1.001,92536832,0,5.468,1.636,3474490_2.out
trunk_n761m_lr1e-3_wd3.2,trunk,n761m,dclm-100m-train,92469693,1536,12,6144,1e-3,3.2,,4518,706,2.001,185073664,0,5.169,1.523,3474490_2.out
trunk_n761m_lr1e-3_wd3.2,trunk,n761m,dclm-100m-train,92469693,1536,12,6144,1e-3,3.2,,4518,1059,3.002,277610496,0,4.971,1.464,3474490_2.out
trunk_n761m_lr1e-3_wd3.2,trunk,n761m,dclm-100m-train,92469693,1536,12,6144,1e-3,3.2,,4518,1412,4.003,370147328,0,4.748,1.403,3474490_2.out
trunk_n761m_lr1e-3_wd3.2,trunk,n761m,dclm-100m-train,92469693,1536,12,6144,1e-3,3.2,,4518,1764,5.001,462422016,0,4.623,1.37,3474490_2.out
trunk_n761m_lr1e-3_wd3.2,trunk,n761m,dclm-100m-train,92469693,1536,12,6144,1e-3,3.2,,4518,2118,6.004,555220992,0,4.521,1.343,3474490_2.out
trunk_n761m_lr1e-3_wd3.2,trunk,n761m,dclm-100m-train,92469693,1536,12,6144,1e-3,3.2,,4518,2471,7.005,647757824,0,4.482,1.333,3474490_2.out
trunk_n761m_lr1e-3_wd3.2,trunk,n761m,dclm-100m-train,92469693,1536,12,6144,1e-3,3.2,,4518,2824,8.006,740294656,0,4.483,1.331,3474490_2.out
trunk_n761m_lr1e-3_wd3.2,trunk,n761m,dclm-100m-train,92469693,1536,12,6144,1e-3,3.2,,4518,3177,9.007,832831488,0,4.505,1.33,3474490_2.out
trunk_n761m_lr1e-3_wd3.2,trunk,n761m,dclm-100m-train,92469693,1536,12,6144,1e-3,3.2,,4518,3529,10.004,925106176,0,4.389,1.306,3474490_2.out
trunk_n761m_lr1e-3_wd3.2,trunk,n761m,dclm-100m-train,92469693,1536,12,6144,1e-3,3.2,,4518,3883,11.008,1017905152,0,4.386,1.297,3474490_2.out
trunk_n761m_lr1e-3_wd3.2,trunk,n761m,dclm-100m-train,92469693,1536,12,6144,1e-3,3.2,,4518,4236,12.009,1110441984,0,4.385,1.295,3474490_2.out
trunk_n761m_lr1e-3_wd3.2,trunk,n761m,dclm-100m-train,92469693,1536,12,6144,1e-3,3.2,,4518,4518,12.808,1184366592,0,4.343,,3474490_2.out
trunk_n761m_lr3e-3_wd0.1,trunk,n761m,dclm-100m-train,92469693,1536,12,6144,3e-3,0.1,,4518,353,1.001,92536832,0,5.361,1.599,3474490_3.out
trunk_n761m_lr3e-3_wd0.1,trunk,n761m,dclm-100m-train,92469693,1536,12,6144,3e-3,0.1,,4518,706,2.001,185073664,0,4.626,1.364,3474490_3.out
trunk_n761m_lr3e-3_wd0.1,trunk,n761m,dclm-100m-train,92469693,1536,12,6144,3e-3,0.1,,4518,1059,3.002,277610496,0,4.287,1.263,3474490_3.out
trunk_n761m_lr3e-3_wd0.1,trunk,n761m,dclm-100m-train,92469693,1536,12,6144,3e-3,0.1,,4518,1412,4.003,370147328,0,4.134,1.219,3474490_3.out
trunk_n761m_lr3e-3_wd0.1,trunk,n761m,dclm-100m-train,92469693,1536,12,6144,3e-3,0.1,,4518,1764,5.001,462422016,0,4.083,1.197,3474490_3.out
trunk_n761m_lr3e-3_wd0.1,trunk,n761m,dclm-100m-train,92469693,1536,12,6144,3e-3,0.1,,4518,2118,6.004,555220992,0,4.057,1.186,3474490_3.out
trunk_n761m_lr3e-3_wd0.1,trunk,n761m,dclm-100m-train,92469693,1536,12,6144,3e-3,0.1,,4518,2471,7.005,647757824,0,4.067,1.192,3474490_3.out
trunk_n761m_lr3e-3_wd0.1,trunk,n761m,dclm-100m-train,92469693,1536,12,6144,3e-3,0.1,,4518,2824,8.006,740294656,0,4.117,1.199,3474490_3.out
trunk_n761m_lr3e-3_wd0.1,trunk,n761m,dclm-100m-train,92469693,1536,12,6144,3e-3,0.1,,4518,3177,9.007,832831488,0,4.179,1.218,3474490_3.out
trunk_n761m_lr3e-3_wd0.1,trunk,n761m,dclm-100m-train,92469693,1536,12,6144,3e-3,0.1,,4518,3529,10.004,925106176,0,4.264,1.235,3474490_3.out
trunk_n761m_lr3e-3_wd0.1,trunk,n761m,dclm-100m-train,92469693,1536,12,6144,3e-3,0.1,,4518,3883,11.008,1017905152,0,4.339,1.264,3474490_3.out
trunk_n761m_lr3e-3_wd0.1,trunk,n761m,dclm-100m-train,92469693,1536,12,6144,3e-3,0.1,,4518,4236,12.009,1110441984,0,4.456,1.294,3474490_3.out
trunk_n761m_lr3e-3_wd0.1,trunk,n761m,dclm-100m-train,92469693,1536,12,6144,3e-3,0.1,,4518,4518,12.808,1184366592,0,4.325,,3474490_3.out
trunk_n761m_lr3e-3_wd0.8,trunk,n761m,dclm-100m-train,92469693,1536,12,6144,3e-3,0.8,,4518,353,1.001,92536832,0,5.404,1.609,3474490_4.out
trunk_n761m_lr3e-3_wd0.8,trunk,n761m,dclm-100m-train,92469693,1536,12,6144,3e-3,0.8,,4518,706,2.001,185073664,0,4.774,1.41,3474490_4.out
trunk_n761m_lr3e-3_wd0.8,trunk,n761m,dclm-100m-train,92469693,1536,12,6144,3e-3,0.8,,4518,1059,3.002,277610496,0,4.399,1.294,3474490_4.out
trunk_n761m_lr3e-3_wd0.8,trunk,n761m,dclm-100m-train,92469693,1536,12,6144,3e-3,0.8,,4518,1412,4.003,370147328,0,4.258,1.257,3474490_4.out
trunk_n761m_lr3e-3_wd0.8,trunk,n761m,dclm-100m-train,92469693,1536,12,6144,3e-3,0.8,,4518,1764,5.001,462422016,0,4.166,1.221,3474490_4.out
trunk_n761m_lr3e-3_wd0.8,trunk,n761m,dclm-100m-train,92469693,1536,12,6144,3e-3,0.8,,4518,2118,6.004,555220992,0,4.125,1.204,3474490_4.out
trunk_n761m_lr3e-3_wd0.8,trunk,n761m,dclm-100m-train,92469693,1536,12,6144,3e-3,0.8,,4518,2471,7.005,647757824,0,4.087,1.196,3474490_4.out
trunk_n761m_lr3e-3_wd0.8,trunk,n761m,dclm-100m-train,92469693,1536,12,6144,3e-3,0.8,,4518,2824,8.006,740294656,0,4.088,1.184,3474490_4.out
trunk_n761m_lr3e-3_wd0.8,trunk,n761m,dclm-100m-train,92469693,1536,12,6144,3e-3,0.8,,4518,3177,9.007,832831488,0,4.083,1.183,3474490_4.out
trunk_n761m_lr3e-3_wd0.8,trunk,n761m,dclm-100m-train,92469693,1536,12,6144,3e-3,0.8,,4518,3529,10.004,925106176,0,4.071,1.183,3474490_4.out
trunk_n761m_lr3e-3_wd0.8,trunk,n761m,dclm-100m-train,92469693,1536,12,6144,3e-3,0.8,,4518,3883,11.008,1017905152,0,4.063,1.18,3474490_4.out
trunk_n761m_lr3e-3_wd0.8,trunk,n761m,dclm-100m-train,92469693,1536,12,6144,3e-3,0.8,,4518,4236,12.009,1110441984,0,4.066,1.169,3474490_4.out
trunk_n761m_lr3e-3_wd0.8,trunk,n761m,dclm-100m-train,92469693,1536,12,6144,3e-3,0.8,,4518,4518,12.808,1184366592,0,4.093,,3474490_4.out
trunk_n761m_lr3e-3_wd3.2,trunk,n761m,dclm-100m-train,92469693,1536,12,6144,3e-3,3.2,,4518,353,1.001,92536832,0,5.868,1.769,3474490_5.out
trunk_n761m_lr3e-3_wd3.2,trunk,n761m,dclm-100m-train,92469693,1536,12,6144,3e-3,3.2,,4518,706,2.001,185073664,0,5.354,1.61,3474490_5.out
trunk_n761m_lr3e-3_wd3.2,trunk,n761m,dclm-100m-train,92469693,1536,12,6144,3e-3,3.2,,4518,1059,3.002,277610496,0,5.212,1.56,3474490_5.out
trunk_n761m_lr3e-3_wd3.2,trunk,n761m,dclm-100m-train,92469693,1536,12,6144,3e-3,3.2,,4518,1412,4.003,370147328,0,5.152,1.515,3474490_5.out
trunk_n761m_lr3e-3_wd3.2,trunk,n761m,dclm-100m-train,92469693,1536,12,6144,3e-3,3.2,,4518,1764,5.001,462422016,0,5.135,1.512,3474490_5.out
trunk_n761m_lr3e-3_wd3.2,trunk,n761m,dclm-100m-train,92469693,1536,12,6144,3e-3,3.2,,4518,2118,6.004,555220992,0,5.032,1.486,3474490_5.out
trunk_n761m_lr3e-3_wd3.2,trunk,n761m,dclm-100m-train,92469693,1536,12,6144,3e-3,3.2,,4518,2471,7.005,647757824,0,5.053,1.502,3474490_5.out
trunk_n761m_lr3e-3_wd3.2,trunk,n761m,dclm-100m-train,92469693,1536,12,6144,3e-3,3.2,,4518,2824,8.006,740294656,0,4.937,1.445,3474490_5.out
trunk_n761m_lr3e-3_wd3.2,trunk,n761m,dclm-100m-train,92469693,1536,12,6144,3e-3,3.2,,4518,3177,9.007,832831488,0,5.03,1.473,3474490_5.out
trunk_n761m_lr3e-3_wd3.2,trunk,n761m,dclm-100m-train,92469693,1536,12,6144,3e-3,3.2,,4518,3529,10.004,925106176,0,4.963,1.45,3474490_5.out
trunk_n761m_lr3e-3_wd3.2,trunk,n761m,dclm-100m-train,92469693,1536,12,6144,3e-3,3.2,,4518,3883,11.008,1017905152,0,4.915,1.441,3474490_5.out
trunk_n761m_lr3e-3_wd3.2,trunk,n761m,dclm-100m-train,92469693,1536,12,6144,3e-3,3.2,,4518,4236,12.009,1110441984,0,4.899,1.432,3474490_5.out
trunk_n761m_lr3e-3_wd3.2,trunk,n761m,dclm-100m-train,92469693,1536,12,6144,3e-3,3.2,,4518,4518,12.808,1184366592,0,4.893,,3474490_5.out
trunk_r1u30m_lr1e-3_wd0.8,trunk,r1u30m,dclm-30m-sub,30001113,2048,16,8192,1e-3,0.8,,114,12,0.105,3145728,0,8.108,,3482953_0.out
trunk_r1u30m_lr1e-3_wd0.8,trunk,r1u30m,dclm-30m-sub,30001113,2048,16,8192,1e-3,0.8,,114,24,0.21,6291456,0,7.769,,3482953_0.out
trunk_r1u30m_lr1e-3_wd0.8,trunk,r1u30m,dclm-30m-sub,30001113,2048,16,8192,1e-3,0.8,,114,36,0.315,9437184,0,7.434,,3482953_0.out
trunk_r1u30m_lr1e-3_wd0.8,trunk,r1u30m,dclm-30m-sub,30001113,2048,16,8192,1e-3,0.8,,114,48,0.419,12582912,0,7.064,,3482953_0.out
trunk_r1u30m_lr1e-3_wd0.8,trunk,r1u30m,dclm-30m-sub,30001113,2048,16,8192,1e-3,0.8,,114,59,0.516,15466496,0,6.842,,3482953_0.out
trunk_r1u30m_lr1e-3_wd0.8,trunk,r1u30m,dclm-30m-sub,30001113,2048,16,8192,1e-3,0.8,,114,72,0.629,18874368,0,6.719,,3482953_0.out
trunk_r1u30m_lr1e-3_wd0.8,trunk,r1u30m,dclm-30m-sub,30001113,2048,16,8192,1e-3,0.8,,114,84,0.734,22020096,0,6.602,,3482953_0.out
trunk_r1u30m_lr1e-3_wd0.8,trunk,r1u30m,dclm-30m-sub,30001113,2048,16,8192,1e-3,0.8,,114,96,0.839,25165824,0,6.529,,3482953_0.out
trunk_r1u30m_lr1e-3_wd0.8,trunk,r1u30m,dclm-30m-sub,30001113,2048,16,8192,1e-3,0.8,,114,108,0.944,28311552,0,6.421,1.944,3482953_0.out
trunk_r1u30m_lr1e-3_wd0.8,trunk,r1u30m,dclm-30m-sub,30001113,2048,16,8192,1e-3,0.8,,114,114,0.996,29884416,0,6.379,,3482953_0.out
trunk_r1u30mmoe_lr1e-3_wd0.8,trunk,r1u30mmoe,dclm-30m-sub,30001113,2048,16,,1e-3,0.8,,114,12,0.105,3145728,0,7.935,,3482954_0.out
trunk_r1u30mmoe_lr1e-3_wd0.8,trunk,r1u30mmoe,dclm-30m-sub,30001113,2048,16,,1e-3,0.8,,114,24,0.21,6291456,0,7.971,,3482954_0.out
trunk_r1u30mmoe_lr1e-3_wd0.8,trunk,r1u30mmoe,dclm-30m-sub,30001113,2048,16,,1e-3,0.8,,114,36,0.315,9437184,0,7.979,,3482954_0.out
trunk_r1u30mmoe_lr1e-3_wd0.8,trunk,r1u30mmoe,dclm-30m-sub,30001113,2048,16,,1e-3,0.8,,114,48,0.419,12582912,0,7.414,,3482954_0.out
trunk_r1u30mmoe_lr1e-3_wd0.8,trunk,r1u30mmoe,dclm-30m-sub,30001113,2048,16,,1e-3,0.8,,114,59,0.516,15466496,0,7.108,,3482954_0.out
trunk_r1u30mmoe_lr1e-3_wd0.8,trunk,r1u30mmoe,dclm-30m-sub,30001113,2048,16,,1e-3,0.8,,114,72,0.629,18874368,0,6.963,,3482954_0.out
trunk_r1u30mmoe_lr1e-3_wd0.8,trunk,r1u30mmoe,dclm-30m-sub,30001113,2048,16,,1e-3,0.8,,114,84,0.734,22020096,0,6.802,,3482954_0.out
trunk_r1u30mmoe_lr1e-3_wd0.8,trunk,r1u30mmoe,dclm-30m-sub,30001113,2048,16,,1e-3,0.8,,114,96,0.839,25165824,0,6.679,,3482954_0.out
trunk_r1u30mmoe_lr1e-3_wd0.8,trunk,r1u30mmoe,dclm-30m-sub,30001113,2048,16,,1e-3,0.8,,114,108,0.944,28311552,0,6.563,1.991,3482954_0.out
trunk_r1u30mmoe_lr1e-3_wd0.8,trunk,r1u30mmoe,dclm-30m-sub,30001113,2048,16,,1e-3,0.8,,114,114,0.996,29884416,0,6.526,,3482954_0.out
trunk_thid10m_lr1e-3_wd0.8,trunk,thid10m,dclm-10m-sub,10004022,2048,16,8192,1e-3,0.8,,486,38,0.996,9961472,0,7.32,2.206,3474482_1.out
trunk_u10m_lr1e-2_wd0.1,trunk,u10m,dclm-10m-sub,10004022,2048,16,8192,1e-2,0.1,,486,38,0.996,9961472,0,8.708,2.601,3473901_6.out
trunk_u10m_lr1e-2_wd0.1,trunk,u10m,dclm-10m-sub,10004022,2048,16,8192,1e-2,0.1,,486,76,1.991,19922944,0,7.365,2.225,3473901_6.out
trunk_u10m_lr1e-2_wd0.1,trunk,u10m,dclm-10m-sub,10004022,2048,16,8192,1e-2,0.1,,486,114,2.987,29884416,0,6.902,2.084,3473901_6.out
trunk_u10m_lr1e-2_wd0.1,trunk,u10m,dclm-10m-sub,10004022,2048,16,8192,1e-2,0.1,,486,152,3.983,39845888,0,6.669,2.014,3473901_6.out
trunk_u10m_lr1e-2_wd0.1,trunk,u10m,dclm-10m-sub,10004022,2048,16,8192,1e-2,0.1,,486,189,4.953,49545216,0,6.435,1.957,3473901_6.out
trunk_u10m_lr1e-2_wd0.1,trunk,u10m,dclm-10m-sub,10004022,2048,16,8192,1e-2,0.1,,486,228,5.974,59768832,0,6.246,1.914,3473901_6.out
trunk_u10m_lr1e-2_wd0.1,trunk,u10m,dclm-10m-sub,10004022,2048,16,8192,1e-2,0.1,,486,266,6.97,69730304,0,6.077,1.848,3473901_6.out
trunk_u10m_lr1e-2_wd0.1,trunk,u10m,dclm-10m-sub,10004022,2048,16,8192,1e-2,0.1,,486,304,7.966,79691776,0,5.934,1.78,3473901_6.out
trunk_u10m_lr1e-2_wd0.1,trunk,u10m,dclm-10m-sub,10004022,2048,16,8192,1e-2,0.1,,486,342,8.962,89653248,0,5.841,1.747,3473901_6.out
trunk_u10m_lr1e-2_wd0.1,trunk,u10m,dclm-10m-sub,10004022,2048,16,8192,1e-2,0.1,,486,379,9.931,99352576,0,5.721,1.695,3473901_6.out
trunk_u10m_lr1e-2_wd0.1,trunk,u10m,dclm-10m-sub,10004022,2048,16,8192,1e-2,0.1,,486,418,10.953,109576192,0,5.671,1.694,3473901_6.out
trunk_u10m_lr1e-2_wd0.1,trunk,u10m,dclm-10m-sub,10004022,2048,16,8192,1e-2,0.1,,486,456,11.949,119537664,0,5.585,1.645,3473901_6.out
trunk_u10m_lr1e-2_wd0.1,trunk,u10m,dclm-10m-sub,10004022,2048,16,8192,1e-2,0.1,,486,486,12.735,127401984,0,5.585,,3473901_6.out
trunk_u10m_lr1e-2_wd0.8,trunk,u10m,dclm-10m-sub,10004022,2048,16,8192,1e-2,0.8,,486,38,0.996,9961472,0,8.217,2.443,3473901_7.out
trunk_u10m_lr1e-2_wd0.8,trunk,u10m,dclm-10m-sub,10004022,2048,16,8192,1e-2,0.8,,486,76,1.991,19922944,0,7.204,2.171,3473901_7.out
trunk_u10m_lr1e-2_wd0.8,trunk,u10m,dclm-10m-sub,10004022,2048,16,8192,1e-2,0.8,,486,114,2.987,29884416,0,6.86,2.056,3473901_7.out
trunk_u10m_lr1e-2_wd0.8,trunk,u10m,dclm-10m-sub,10004022,2048,16,8192,1e-2,0.8,,486,152,3.983,39845888,0,6.681,2.022,3473901_7.out
trunk_u10m_lr1e-2_wd0.8,trunk,u10m,dclm-10m-sub,10004022,2048,16,8192,1e-2,0.8,,486,189,4.953,49545216,0,6.489,1.971,3473901_7.out
trunk_u10m_lr1e-2_wd0.8,trunk,u10m,dclm-10m-sub,10004022,2048,16,8192,1e-2,0.8,,486,228,5.974,59768832,0,6.283,1.924,3473901_7.out
trunk_u10m_lr1e-2_wd0.8,trunk,u10m,dclm-10m-sub,10004022,2048,16,8192,1e-2,0.8,,486,266,6.97,69730304,0,6.07,1.827,3473901_7.out
trunk_u10m_lr1e-2_wd0.8,trunk,u10m,dclm-10m-sub,10004022,2048,16,8192,1e-2,0.8,,486,304,7.966,79691776,0,5.872,1.761,3473901_7.out
trunk_u10m_lr1e-2_wd0.8,trunk,u10m,dclm-10m-sub,10004022,2048,16,8192,1e-2,0.8,,486,342,8.962,89653248,0,5.725,1.71,3473901_7.out
trunk_u10m_lr1e-2_wd0.8,trunk,u10m,dclm-10m-sub,10004022,2048,16,8192,1e-2,0.8,,486,379,9.931,99352576,0,5.676,1.684,3473901_7.out
trunk_u10m_lr1e-2_wd0.8,trunk,u10m,dclm-10m-sub,10004022,2048,16,8192,1e-2,0.8,,486,418,10.953,109576192,0,5.558,1.644,3473901_7.out
trunk_u10m_lr1e-2_wd0.8,trunk,u10m,dclm-10m-sub,10004022,2048,16,8192,1e-2,0.8,,486,456,11.949,119537664,0,5.534,1.615,3473901_7.out
trunk_u10m_lr1e-2_wd0.8,trunk,u10m,dclm-10m-sub,10004022,2048,16,8192,1e-2,0.8,,486,486,12.735,127401984,0,5.568,,3473901_7.out
trunk_u10m_lr1e-2_wd3.2,trunk,u10m,dclm-10m-sub,10004022,2048,16,8192,1e-2,3.2,,486,38,0.996,9961472,0,7.753,2.34,3473901_8.out
trunk_u10m_lr1e-2_wd3.2,trunk,u10m,dclm-10m-sub,10004022,2048,16,8192,1e-2,3.2,,486,76,1.991,19922944,0,7.514,2.267,3473901_8.out
trunk_u10m_lr1e-2_wd3.2,trunk,u10m,dclm-10m-sub,10004022,2048,16,8192,1e-2,3.2,,486,114,2.987,29884416,0,6.917,2.096,3473901_8.out
trunk_u10m_lr1e-2_wd3.2,trunk,u10m,dclm-10m-sub,10004022,2048,16,8192,1e-2,3.2,,486,152,3.983,39845888,0,6.331,1.928,3473901_8.out
trunk_u10m_lr1e-2_wd3.2,trunk,u10m,dclm-10m-sub,10004022,2048,16,8192,1e-2,3.2,,486,189,4.953,49545216,0,6.158,1.856,3473901_8.out
trunk_u10m_lr1e-2_wd3.2,trunk,u10m,dclm-10m-sub,10004022,2048,16,8192,1e-2,3.2,,486,228,5.974,59768832,0,6.099,1.849,3473901_8.out
trunk_u10m_lr1e-2_wd3.2,trunk,u10m,dclm-10m-sub,10004022,2048,16,8192,1e-2,3.2,,486,266,6.97,69730304,0,6.04,1.815,3473901_8.out
trunk_u10m_lr1e-2_wd3.2,trunk,u10m,dclm-10m-sub,10004022,2048,16,8192,1e-2,3.2,,486,304,7.966,79691776,0,6.037,1.815,3473901_8.out
trunk_u10m_lr1e-2_wd3.2,trunk,u10m,dclm-10m-sub,10004022,2048,16,8192,1e-2,3.2,,486,342,8.962,89653248,0,5.97,1.782,3473901_8.out
trunk_u10m_lr1e-2_wd3.2,trunk,u10m,dclm-10m-sub,10004022,2048,16,8192,1e-2,3.2,,486,379,9.931,99352576,0,5.953,1.768,3473901_8.out
trunk_u10m_lr1e-2_wd3.2,trunk,u10m,dclm-10m-sub,10004022,2048,16,8192,1e-2,3.2,,486,418,10.953,109576192,0,5.952,1.787,3473901_8.out
trunk_u10m_lr1e-2_wd3.2,trunk,u10m,dclm-10m-sub,10004022,2048,16,8192,1e-2,3.2,,486,456,11.949,119537664,0,5.892,1.761,3473901_8.out
trunk_u10m_lr1e-2_wd3.2,trunk,u10m,dclm-10m-sub,10004022,2048,16,8192,1e-2,3.2,,486,486,12.735,127401984,0,5.912,,3473901_8.out
trunk_u10m_lr1e-3_wd0.1,trunk,u10m,dclm-10m-sub,10004022,2048,16,8192,1e-3,0.1,,486,38,0.996,9961472,0,7.339,2.196,3473901_0.out
trunk_u10m_lr1e-3_wd0.1,trunk,u10m,dclm-10m-sub,10004022,2048,16,8192,1e-3,0.1,,486,76,1.991,19922944,0,6.669,2.032,3473901_0.out
trunk_u10m_lr1e-3_wd0.1,trunk,u10m,dclm-10m-sub,10004022,2048,16,8192,1e-3,0.1,,486,114,2.987,29884416,0,6.366,1.94,3473901_0.out
trunk_u10m_lr1e-3_wd0.1,trunk,u10m,dclm-10m-sub,10004022,2048,16,8192,1e-3,0.1,,486,152,3.983,39845888,0,6.122,1.873,3473901_0.out
trunk_u10m_lr1e-3_wd0.1,trunk,u10m,dclm-10m-sub,10004022,2048,16,8192,1e-3,0.1,,486,189,4.953,49545216,0,5.938,1.787,3473901_0.out
trunk_u10m_lr1e-3_wd0.1,trunk,u10m,dclm-10m-sub,10004022,2048,16,8192,1e-3,0.1,,486,228,5.974,59768832,0,5.821,1.756,3473901_0.out
trunk_u10m_lr1e-3_wd0.1,trunk,u10m,dclm-10m-sub,10004022,2048,16,8192,1e-3,0.1,,486,266,6.97,69730304,0,5.715,1.712,3473901_0.out
trunk_u10m_lr1e-3_wd0.1,trunk,u10m,dclm-10m-sub,10004022,2048,16,8192,1e-3,0.1,,486,304,7.966,79691776,0,5.654,1.688,3473901_0.out
trunk_u10m_lr1e-3_wd0.1,trunk,u10m,dclm-10m-sub,10004022,2048,16,8192,1e-3,0.1,,486,342,8.962,89653248,0,5.641,1.69,3473901_0.out
trunk_u10m_lr1e-3_wd0.1,trunk,u10m,dclm-10m-sub,10004022,2048,16,8192,1e-3,0.1,,486,379,9.931,99352576,0,5.65,1.682,3473901_0.out
trunk_u10m_lr1e-3_wd0.1,trunk,u10m,dclm-10m-sub,10004022,2048,16,8192,1e-3,0.1,,486,418,10.953,109576192,0,5.714,1.7,3473901_0.out
trunk_u10m_lr1e-3_wd0.1,trunk,u10m,dclm-10m-sub,10004022,2048,16,8192,1e-3,0.1,,486,456,11.949,119537664,0,5.828,1.746,3473901_0.out
trunk_u10m_lr1e-3_wd0.1,trunk,u10m,dclm-10m-sub,10004022,2048,16,8192,1e-3,0.1,,486,486,12.735,127401984,0,6.01,,3473901_0.out
trunk_u10m_lr1e-3_wd0.8,trunk,u10m,dclm-10m-sub,10004022,2048,16,8192,1e-3,0.8,,486,38,0.996,9961472,0,7.236,2.174,3473901_1.out
trunk_u10m_lr1e-3_wd0.8,trunk,u10m,dclm-10m-sub,10004022,2048,16,8192,1e-3,0.8,,486,76,1.991,19922944,0,6.667,2.035,3473901_1.out
trunk_u10m_lr1e-3_wd0.8,trunk,u10m,dclm-10m-sub,10004022,2048,16,8192,1e-3,0.8,,486,114,2.987,29884416,0,6.358,1.934,3473901_1.out
trunk_u10m_lr1e-3_wd0.8,trunk,u10m,dclm-10m-sub,10004022,2048,16,8192,1e-3,0.8,,486,152,3.983,39845888,0,6.106,1.859,3473901_1.out
trunk_u10m_lr1e-3_wd0.8,trunk,u10m,dclm-10m-sub,10004022,2048,16,8192,1e-3,0.8,,486,189,4.953,49545216,0,5.95,1.804,3473901_1.out
trunk_u10m_lr1e-3_wd0.8,trunk,u10m,dclm-10m-sub,10004022,2048,16,8192,1e-3,0.8,,486,228,5.974,59768832,0,5.779,1.743,3473901_1.out
trunk_u10m_lr1e-3_wd0.8,trunk,u10m,dclm-10m-sub,10004022,2048,16,8192,1e-3,0.8,,486,266,6.97,69730304,0,5.679,1.7,3473901_1.out
trunk_u10m_lr1e-3_wd0.8,trunk,u10m,dclm-10m-sub,10004022,2048,16,8192,1e-3,0.8,,486,304,7.966,79691776,0,5.581,1.659,3473901_1.out
trunk_u10m_lr1e-3_wd0.8,trunk,u10m,dclm-10m-sub,10004022,2048,16,8192,1e-3,0.8,,486,342,8.962,89653248,0,5.517,1.649,3473901_1.out
trunk_u10m_lr1e-3_wd0.8,trunk,u10m,dclm-10m-sub,10004022,2048,16,8192,1e-3,0.8,,486,379,9.931,99352576,0,5.493,1.635,3473901_1.out
trunk_u10m_lr1e-3_wd0.8,trunk,u10m,dclm-10m-sub,10004022,2048,16,8192,1e-3,0.8,,486,418,10.953,109576192,0,5.5,1.65,3473901_1.out
trunk_u10m_lr1e-3_wd0.8,trunk,u10m,dclm-10m-sub,10004022,2048,16,8192,1e-3,0.8,,486,456,11.949,119537664,0,5.556,1.669,3473901_1.out
trunk_u10m_lr1e-3_wd0.8,trunk,u10m,dclm-10m-sub,10004022,2048,16,8192,1e-3,0.8,,486,486,12.735,127401984,0,5.676,,3473901_1.out
trunk_u10m_lr1e-3_wd3.2,trunk,u10m,dclm-10m-sub,10004022,2048,16,8192,1e-3,3.2,,486,38,0.996,9961472,0,7.379,2.206,3473901_2.out
trunk_u10m_lr1e-3_wd3.2,trunk,u10m,dclm-10m-sub,10004022,2048,16,8192,1e-3,3.2,,486,76,1.991,19922944,0,6.715,2.045,3473901_2.out
trunk_u10m_lr1e-3_wd3.2,trunk,u10m,dclm-10m-sub,10004022,2048,16,8192,1e-3,3.2,,486,114,2.987,29884416,0,6.412,1.951,3473901_2.out
trunk_u10m_lr1e-3_wd3.2,trunk,u10m,dclm-10m-sub,10004022,2048,16,8192,1e-3,3.2,,486,152,3.983,39845888,0,6.177,1.894,3473901_2.out
trunk_u10m_lr1e-3_wd3.2,trunk,u10m,dclm-10m-sub,10004022,2048,16,8192,1e-3,3.2,,486,189,4.953,49545216,0,5.983,1.82,3473901_2.out
trunk_u10m_lr1e-3_wd3.2,trunk,u10m,dclm-10m-sub,10004022,2048,16,8192,1e-3,3.2,,486,228,5.974,59768832,0,5.838,1.751,3473901_2.out
trunk_u10m_lr1e-3_wd3.2,trunk,u10m,dclm-10m-sub,10004022,2048,16,8192,1e-3,3.2,,486,266,6.97,69730304,0,5.748,1.712,3473901_2.out
trunk_u10m_lr1e-3_wd3.2,trunk,u10m,dclm-10m-sub,10004022,2048,16,8192,1e-3,3.2,,486,304,7.966,79691776,0,5.621,1.69,3473901_2.out
trunk_u10m_lr1e-3_wd3.2,trunk,u10m,dclm-10m-sub,10004022,2048,16,8192,1e-3,3.2,,486,342,8.962,89653248,0,5.554,1.649,3473901_2.out
trunk_u10m_lr1e-3_wd3.2,trunk,u10m,dclm-10m-sub,10004022,2048,16,8192,1e-3,3.2,,486,379,9.931,99352576,0,5.475,1.638,3473901_2.out
trunk_u10m_lr1e-3_wd3.2,trunk,u10m,dclm-10m-sub,10004022,2048,16,8192,1e-3,3.2,,486,418,10.953,109576192,0,5.447,1.627,3473901_2.out
trunk_u10m_lr1e-3_wd3.2,trunk,u10m,dclm-10m-sub,10004022,2048,16,8192,1e-3,3.2,,486,456,11.949,119537664,0,5.422,1.596,3473901_2.out
trunk_u10m_lr1e-3_wd3.2,trunk,u10m,dclm-10m-sub,10004022,2048,16,8192,1e-3,3.2,,486,486,12.735,127401984,0,5.387,,3473901_2.out
trunk_u10m_lr3e-3_wd0.1,trunk,u10m,dclm-10m-sub,10004022,2048,16,8192,3e-3,0.1,,486,38,0.996,9961472,0,7.953,2.369,3473901_3.out
trunk_u10m_lr3e-3_wd0.1,trunk,u10m,dclm-10m-sub,10004022,2048,16,8192,3e-3,0.1,,486,76,1.991,19922944,0,6.993,2.117,3473901_3.out
trunk_u10m_lr3e-3_wd0.1,trunk,u10m,dclm-10m-sub,10004022,2048,16,8192,3e-3,0.1,,486,114,2.987,29884416,0,6.67,2.009,3473901_3.out
trunk_u10m_lr3e-3_wd0.1,trunk,u10m,dclm-10m-sub,10004022,2048,16,8192,3e-3,0.1,,486,152,3.983,39845888,0,6.416,1.952,3473901_3.out
trunk_u10m_lr3e-3_wd0.1,trunk,u10m,dclm-10m-sub,10004022,2048,16,8192,3e-3,0.1,,486,189,4.953,49545216,0,6.206,1.901,3473901_3.out
trunk_u10m_lr3e-3_wd0.1,trunk,u10m,dclm-10m-sub,10004022,2048,16,8192,3e-3,0.1,,486,228,5.974,59768832,0,6.031,1.828,3473901_3.out
trunk_u10m_lr3e-3_wd0.1,trunk,u10m,dclm-10m-sub,10004022,2048,16,8192,3e-3,0.1,,486,266,6.97,69730304,0,5.891,1.75,3473901_3.out
trunk_u10m_lr3e-3_wd0.1,trunk,u10m,dclm-10m-sub,10004022,2048,16,8192,3e-3,0.1,,486,304,7.966,79691776,0,5.747,1.708,3473901_3.out
trunk_u10m_lr3e-3_wd0.1,trunk,u10m,dclm-10m-sub,10004022,2048,16,8192,3e-3,0.1,,486,342,8.962,89653248,0,5.643,1.676,3473901_3.out
trunk_u10m_lr3e-3_wd0.1,trunk,u10m,dclm-10m-sub,10004022,2048,16,8192,3e-3,0.1,,486,379,9.931,99352576,0,5.586,1.654,3473901_3.out
trunk_u10m_lr3e-3_wd0.1,trunk,u10m,dclm-10m-sub,10004022,2048,16,8192,3e-3,0.1,,486,418,10.953,109576192,0,5.558,1.651,3473901_3.out
trunk_u10m_lr3e-3_wd0.1,trunk,u10m,dclm-10m-sub,10004022,2048,16,8192,3e-3,0.1,,486,456,11.949,119537664,0,5.561,1.64,3473901_3.out
trunk_u10m_lr3e-3_wd0.1,trunk,u10m,dclm-10m-sub,10004022,2048,16,8192,3e-3,0.1,,486,486,12.735,127401984,0,5.617,,3473901_3.out
trunk_u10m_lr3e-3_wd0.8,trunk,u10m,dclm-10m-sub,10004022,2048,16,8192,3e-3,0.8,,486,38,0.996,9961472,0,7.763,2.304,3473901_4.out
trunk_u10m_lr3e-3_wd0.8,trunk,u10m,dclm-10m-sub,10004022,2048,16,8192,3e-3,0.8,,486,76,1.991,19922944,0,6.863,2.09,3473901_4.out
trunk_u10m_lr3e-3_wd0.8,trunk,u10m,dclm-10m-sub,10004022,2048,16,8192,3e-3,0.8,,486,114,2.987,29884416,0,6.597,2.0,3473901_4.out
trunk_u10m_lr3e-3_wd0.8,trunk,u10m,dclm-10m-sub,10004022,2048,16,8192,3e-3,0.8,,486,152,3.983,39845888,0,6.356,1.933,3473901_4.out
trunk_u10m_lr3e-3_wd0.8,trunk,u10m,dclm-10m-sub,10004022,2048,16,8192,3e-3,0.8,,486,189,4.953,49545216,0,6.169,1.88,3473901_4.out
trunk_u10m_lr3e-3_wd0.8,trunk,u10m,dclm-10m-sub,10004022,2048,16,8192,3e-3,0.8,,486,228,5.974,59768832,0,6.02,1.821,3473901_4.out
trunk_u10m_lr3e-3_wd0.8,trunk,u10m,dclm-10m-sub,10004022,2048,16,8192,3e-3,0.8,,486,266,6.97,69730304,0,5.914,1.769,3473901_4.out
trunk_u10m_lr3e-3_wd0.8,trunk,u10m,dclm-10m-sub,10004022,2048,16,8192,3e-3,0.8,,486,304,7.966,79691776,0,5.772,1.72,3473901_4.out
trunk_u10m_lr3e-3_wd0.8,trunk,u10m,dclm-10m-sub,10004022,2048,16,8192,3e-3,0.8,,486,342,8.962,89653248,0,5.684,1.682,3473901_4.out
trunk_u10m_lr3e-3_wd0.8,trunk,u10m,dclm-10m-sub,10004022,2048,16,8192,3e-3,0.8,,486,379,9.931,99352576,0,5.616,1.666,3473901_4.out
trunk_u10m_lr3e-3_wd0.8,trunk,u10m,dclm-10m-sub,10004022,2048,16,8192,3e-3,0.8,,486,418,10.953,109576192,0,5.561,1.64,3473901_4.out
trunk_u10m_lr3e-3_wd3.2,trunk,u10m,dclm-10m-sub,10004022,2048,16,8192,3e-3,3.2,,486,38,0.996,9961472,0,7.884,2.36,3473901_5.out
trunk_u10m_lr3e-3_wd3.2,trunk,u10m,dclm-10m-sub,10004022,2048,16,8192,3e-3,3.2,,486,76,1.991,19922944,0,7.015,2.124,3473901_5.out
trunk_u10m_lr3e-3_wd3.2,trunk,u10m,dclm-10m-sub,10004022,2048,16,8192,3e-3,3.2,,486,114,2.987,29884416,0,6.751,2.044,3473901_5.out
trunk_u10m_lr3e-3_wd3.2,trunk,u10m,dclm-10m-sub,10004022,2048,16,8192,3e-3,3.2,,486,152,3.983,39845888,0,6.601,2.006,3473901_5.out
trunk_u10m_lr3e-3_wd3.2,trunk,u10m,dclm-10m-sub,10004022,2048,16,8192,3e-3,3.2,,486,189,4.953,49545216,0,6.482,1.96,3473901_5.out
trunk_u10m_lr3e-3_wd3.2,trunk,u10m,dclm-10m-sub,10004022,2048,16,8192,3e-3,3.2,,486,228,5.974,59768832,0,6.397,1.941,3473901_5.out
trunk_u10m_lr3e-3_wd3.2,trunk,u10m,dclm-10m-sub,10004022,2048,16,8192,3e-3,3.2,,486,266,6.97,69730304,0,6.245,1.889,3473901_5.out
trunk_u10m_lr3e-3_wd3.2,trunk,u10m,dclm-10m-sub,10004022,2048,16,8192,3e-3,3.2,,486,304,7.966,79691776,0,6.115,1.838,3473901_5.out
trunk_u10m_lr3e-3_wd3.2,trunk,u10m,dclm-10m-sub,10004022,2048,16,8192,3e-3,3.2,,486,342,8.962,89653248,0,6.032,1.82,3473901_5.out
trunk_u10m_lr3e-3_wd3.2,trunk,u10m,dclm-10m-sub,10004022,2048,16,8192,3e-3,3.2,,486,379,9.931,99352576,0,5.903,1.767,3473901_5.out
trunk_u10m_lr3e-3_wd3.2,trunk,u10m,dclm-10m-sub,10004022,2048,16,8192,3e-3,3.2,,486,418,10.953,109576192,0,5.802,1.737,3473901_5.out
trunk_u10m_lr3e-3_wd3.2,trunk,u10m,dclm-10m-sub,10004022,2048,16,8192,3e-3,3.2,,486,456,11.949,119537664,0,5.693,1.709,3473901_5.out
trunk_u10m_lr3e-3_wd3.2,trunk,u10m,dclm-10m-sub,10004022,2048,16,8192,3e-3,3.2,,486,486,12.735,127401984,0,5.654,,3473901_5.out
trunk_u10m30ep_lr1e-2_wd0.1,trunk,u10m30ep,dclm-10m-sub,10004022,2048,16,8192,1e-2,0.1,,912,38,0.996,9961472,0,8.763,2.614,3474214_6.out
trunk_u10m30ep_lr1e-2_wd0.1,trunk,u10m30ep,dclm-10m-sub,10004022,2048,16,8192,1e-2,0.1,,912,76,1.991,19922944,0,7.256,2.185,3474214_6.out
trunk_u10m30ep_lr1e-2_wd0.1,trunk,u10m30ep,dclm-10m-sub,10004022,2048,16,8192,1e-2,0.1,,912,114,2.987,29884416,0,6.8,2.059,3474214_6.out
trunk_u10m30ep_lr1e-2_wd0.1,trunk,u10m30ep,dclm-10m-sub,10004022,2048,16,8192,1e-2,0.1,,912,152,3.983,39845888,0,6.735,2.045,3474214_6.out
trunk_u10m30ep_lr1e-2_wd0.1,trunk,u10m30ep,dclm-10m-sub,10004022,2048,16,8192,1e-2,0.1,,912,189,4.953,49545216,0,6.432,1.952,3474214_6.out
trunk_u10m30ep_lr1e-2_wd0.1,trunk,u10m30ep,dclm-10m-sub,10004022,2048,16,8192,1e-2,0.1,,912,228,5.974,59768832,0,6.248,1.903,3474214_6.out
trunk_u10m30ep_lr1e-2_wd0.1,trunk,u10m30ep,dclm-10m-sub,10004022,2048,16,8192,1e-2,0.1,,912,266,6.97,69730304,0,6.077,1.848,3474214_6.out
trunk_u10m30ep_lr1e-2_wd0.1,trunk,u10m30ep,dclm-10m-sub,10004022,2048,16,8192,1e-2,0.1,,912,304,7.966,79691776,0,5.954,1.784,3474214_6.out
trunk_u10m30ep_lr1e-2_wd0.1,trunk,u10m30ep,dclm-10m-sub,10004022,2048,16,8192,1e-2,0.1,,912,342,8.962,89653248,0,5.824,1.745,3474214_6.out
trunk_u10m30ep_lr1e-2_wd0.1,trunk,u10m30ep,dclm-10m-sub,10004022,2048,16,8192,1e-2,0.1,,912,379,9.931,99352576,0,5.738,1.71,3474214_6.out
trunk_u10m30ep_lr1e-2_wd0.1,trunk,u10m30ep,dclm-10m-sub,10004022,2048,16,8192,1e-2,0.1,,912,418,10.953,109576192,0,5.681,1.696,3474214_6.out
trunk_u10m30ep_lr1e-2_wd0.1,trunk,u10m30ep,dclm-10m-sub,10004022,2048,16,8192,1e-2,0.1,,912,456,11.949,119537664,0,5.622,1.663,3474214_6.out
trunk_u10m30ep_lr1e-2_wd0.1,trunk,u10m30ep,dclm-10m-sub,10004022,2048,16,8192,1e-2,0.1,,912,494,12.945,129499136,0,5.591,1.648,3474214_6.out
trunk_u10m30ep_lr1e-2_wd0.1,trunk,u10m30ep,dclm-10m-sub,10004022,2048,16,8192,1e-2,0.1,,912,532,13.94,139460608,0,5.612,1.634,3474214_6.out
trunk_u10m30ep_lr1e-2_wd0.1,trunk,u10m30ep,dclm-10m-sub,10004022,2048,16,8192,1e-2,0.1,,912,569,14.91,149159936,0,5.65,1.655,3474214_6.out
trunk_u10m30ep_lr1e-2_wd0.1,trunk,u10m30ep,dclm-10m-sub,10004022,2048,16,8192,1e-2,0.1,,912,608,15.932,159383552,0,5.676,1.652,3474214_6.out
trunk_u10m30ep_lr1e-2_wd0.1,trunk,u10m30ep,dclm-10m-sub,10004022,2048,16,8192,1e-2,0.1,,912,646,16.928,169345024,0,5.764,1.666,3474214_6.out
trunk_u10m30ep_lr1e-2_wd0.1,trunk,u10m30ep,dclm-10m-sub,10004022,2048,16,8192,1e-2,0.1,,912,684,17.923,179306496,0,5.899,1.705,3474214_6.out
trunk_u10m30ep_lr1e-2_wd0.1,trunk,u10m30ep,dclm-10m-sub,10004022,2048,16,8192,1e-2,0.1,,912,722,18.919,189267968,0,6.11,1.767,3474214_6.out
trunk_u10m30ep_lr1e-2_wd0.1,trunk,u10m30ep,dclm-10m-sub,10004022,2048,16,8192,1e-2,0.1,,912,759,19.889,198967296,0,6.377,1.833,3474214_6.out
trunk_u10m30ep_lr1e-2_wd0.1,trunk,u10m30ep,dclm-10m-sub,10004022,2048,16,8192,1e-2,0.1,,912,798,20.911,209190912,0,6.688,1.937,3474214_6.out
trunk_u10m30ep_lr1e-2_wd0.1,trunk,u10m30ep,dclm-10m-sub,10004022,2048,16,8192,1e-2,0.1,,912,836,21.906,219152384,0,7.121,2.074,3474214_6.out
trunk_u10m30ep_lr1e-2_wd0.1,trunk,u10m30ep,dclm-10m-sub,10004022,2048,16,8192,1e-2,0.1,,912,874,22.902,229113856,0,7.642,2.223,3474214_6.out
trunk_u10m30ep_lr1e-2_wd0.1,trunk,u10m30ep,dclm-10m-sub,10004022,2048,16,8192,1e-2,0.1,,912,912,23.898,239075328,0,8.03,2.377,3474214_6.out
trunk_u10m30ep_lr1e-2_wd0.8,trunk,u10m30ep,dclm-10m-sub,10004022,2048,16,8192,1e-2,0.8,,912,38,0.996,9961472,0,8.192,2.438,3474214_7.out
trunk_u10m30ep_lr1e-2_wd0.8,trunk,u10m30ep,dclm-10m-sub,10004022,2048,16,8192,1e-2,0.8,,912,76,1.991,19922944,0,7.258,2.187,3474214_7.out
trunk_u10m30ep_lr1e-2_wd0.8,trunk,u10m30ep,dclm-10m-sub,10004022,2048,16,8192,1e-2,0.8,,912,114,2.987,29884416,0,6.858,2.069,3474214_7.out
trunk_u10m30ep_lr1e-2_wd0.8,trunk,u10m30ep,dclm-10m-sub,10004022,2048,16,8192,1e-2,0.8,,912,152,3.983,39845888,0,6.655,2.007,3474214_7.out
trunk_u10m30ep_lr1e-2_wd0.8,trunk,u10m30ep,dclm-10m-sub,10004022,2048,16,8192,1e-2,0.8,,912,189,4.953,49545216,0,6.439,1.96,3474214_7.out
trunk_u10m30ep_lr1e-2_wd0.8,trunk,u10m30ep,dclm-10m-sub,10004022,2048,16,8192,1e-2,0.8,,912,228,5.974,59768832,0,6.243,1.914,3474214_7.out
trunk_u10m30ep_lr1e-2_wd0.8,trunk,u10m30ep,dclm-10m-sub,10004022,2048,16,8192,1e-2,0.8,,912,266,6.97,69730304,0,6.077,1.824,3474214_7.out
trunk_u10m30ep_lr1e-2_wd0.8,trunk,u10m30ep,dclm-10m-sub,10004022,2048,16,8192,1e-2,0.8,,912,304,7.966,79691776,0,5.866,1.759,3474214_7.out
trunk_u10m30ep_lr1e-2_wd0.8,trunk,u10m30ep,dclm-10m-sub,10004022,2048,16,8192,1e-2,0.8,,912,342,8.962,89653248,0,5.696,1.707,3474214_7.out
trunk_u10m30ep_lr1e-2_wd0.8,trunk,u10m30ep,dclm-10m-sub,10004022,2048,16,8192,1e-2,0.8,,912,379,9.931,99352576,0,5.594,1.662,3474214_7.out
trunk_u10m30ep_lr1e-2_wd0.8,trunk,u10m30ep,dclm-10m-sub,10004022,2048,16,8192,1e-2,0.8,,912,418,10.953,109576192,0,5.54,1.636,3474214_7.out
trunk_u10m30ep_lr1e-2_wd0.8,trunk,u10m30ep,dclm-10m-sub,10004022,2048,16,8192,1e-2,0.8,,912,456,11.949,119537664,0,5.519,1.617,3474214_7.out
trunk_u10m30ep_lr1e-2_wd0.8,trunk,u10m30ep,dclm-10m-sub,10004022,2048,16,8192,1e-2,0.8,,912,494,12.945,129499136,0,5.546,1.618,3474214_7.out
trunk_u10m30ep_lr1e-2_wd0.8,trunk,u10m30ep,dclm-10m-sub,10004022,2048,16,8192,1e-2,0.8,,912,532,13.94,139460608,0,5.521,1.603,3474214_7.out
trunk_u10m30ep_lr1e-2_wd0.8,trunk,u10m30ep,dclm-10m-sub,10004022,2048,16,8192,1e-2,0.8,,912,569,14.91,149159936,0,5.545,1.601,3474214_7.out
trunk_u10m30ep_lr1e-2_wd0.8,trunk,u10m30ep,dclm-10m-sub,10004022,2048,16,8192,1e-2,0.8,,912,608,15.932,159383552,0,5.582,1.616,3474214_7.out
trunk_u10m30ep_lr1e-2_wd0.8,trunk,u10m30ep,dclm-10m-sub,10004022,2048,16,8192,1e-2,0.8,,912,646,16.928,169345024,0,5.654,1.621,3474214_7.out
trunk_u10m30ep_lr1e-2_wd0.8,trunk,u10m30ep,dclm-10m-sub,10004022,2048,16,8192,1e-2,0.8,,912,684,17.923,179306496,0,5.742,1.647,3474214_7.out
trunk_u10m30ep_lr1e-2_wd0.8,trunk,u10m30ep,dclm-10m-sub,10004022,2048,16,8192,1e-2,0.8,,912,722,18.919,189267968,0,5.827,1.669,3474214_7.out
trunk_u10m30ep_lr1e-2_wd0.8,trunk,u10m30ep,dclm-10m-sub,10004022,2048,16,8192,1e-2,0.8,,912,759,19.889,198967296,0,5.923,1.694,3474214_7.out
trunk_u10m30ep_lr1e-2_wd0.8,trunk,u10m30ep,dclm-10m-sub,10004022,2048,16,8192,1e-2,0.8,,912,798,20.911,209190912,0,6.032,1.723,3474214_7.out
trunk_u10m30ep_lr1e-2_wd0.8,trunk,u10m30ep,dclm-10m-sub,10004022,2048,16,8192,1e-2,0.8,,912,836,21.906,219152384,0,6.084,1.735,3474214_7.out
trunk_u10m30ep_lr1e-2_wd0.8,trunk,u10m30ep,dclm-10m-sub,10004022,2048,16,8192,1e-2,0.8,,912,874,22.902,229113856,0,6.178,1.76,3474214_7.out
trunk_u10m30ep_lr1e-2_wd0.8,trunk,u10m30ep,dclm-10m-sub,10004022,2048,16,8192,1e-2,0.8,,912,912,23.898,239075328,0,6.258,1.787,3474214_7.out
trunk_u10m30ep_lr1e-2_wd3.2,trunk,u10m30ep,dclm-10m-sub,10004022,2048,16,8192,1e-2,3.2,,912,38,0.996,9961472,0,7.766,2.345,3474214_8.out
trunk_u10m30ep_lr1e-2_wd3.2,trunk,u10m30ep,dclm-10m-sub,10004022,2048,16,8192,1e-2,3.2,,912,76,1.991,19922944,0,7.429,2.229,3474214_8.out
trunk_u10m30ep_lr1e-2_wd3.2,trunk,u10m30ep,dclm-10m-sub,10004022,2048,16,8192,1e-2,3.2,,912,114,2.987,29884416,0,7.021,2.116,3474214_8.out
trunk_u10m30ep_lr1e-2_wd3.2,trunk,u10m30ep,dclm-10m-sub,10004022,2048,16,8192,1e-2,3.2,,912,152,3.983,39845888,0,6.355,1.946,3474214_8.out
trunk_u10m30ep_lr1e-2_wd3.2,trunk,u10m30ep,dclm-10m-sub,10004022,2048,16,8192,1e-2,3.2,,912,189,4.953,49545216,0,6.15,1.864,3474214_8.out
trunk_u10m30ep_lr1e-2_wd3.2,trunk,u10m30ep,dclm-10m-sub,10004022,2048,16,8192,1e-2,3.2,,912,228,5.974,59768832,0,6.114,1.846,3474214_8.out
trunk_u10m30ep_lr1e-2_wd3.2,trunk,u10m30ep,dclm-10m-sub,10004022,2048,16,8192,1e-2,3.2,,912,266,6.97,69730304,0,6.068,1.822,3474214_8.out
trunk_u10m30ep_lr1e-2_wd3.2,trunk,u10m30ep,dclm-10m-sub,10004022,2048,16,8192,1e-2,3.2,,912,304,7.966,79691776,0,6.007,1.804,3474214_8.out
trunk_u10m30ep_lr1e-2_wd3.2,trunk,u10m30ep,dclm-10m-sub,10004022,2048,16,8192,1e-2,3.2,,912,342,8.962,89653248,0,5.953,1.787,3474214_8.out
trunk_u10m30ep_lr1e-2_wd3.2,trunk,u10m30ep,dclm-10m-sub,10004022,2048,16,8192,1e-2,3.2,,912,379,9.931,99352576,0,5.885,1.764,3474214_8.out
trunk_u10m30ep_lr1e-2_wd3.2,trunk,u10m30ep,dclm-10m-sub,10004022,2048,16,8192,1e-2,3.2,,912,418,10.953,109576192,0,5.835,1.747,3474214_8.out
trunk_u10m30ep_lr1e-2_wd3.2,trunk,u10m30ep,dclm-10m-sub,10004022,2048,16,8192,1e-2,3.2,,912,456,11.949,119537664,0,5.791,1.713,3474214_8.out
trunk_u10m30ep_lr1e-2_wd3.2,trunk,u10m30ep,dclm-10m-sub,10004022,2048,16,8192,1e-2,3.2,,912,494,12.945,129499136,0,5.783,1.702,3474214_8.out
trunk_u10m30ep_lr1e-2_wd3.2,trunk,u10m30ep,dclm-10m-sub,10004022,2048,16,8192,1e-2,3.2,,912,532,13.94,139460608,0,5.735,1.697,3474214_8.out
trunk_u10m30ep_lr1e-2_wd3.2,trunk,u10m30ep,dclm-10m-sub,10004022,2048,16,8192,1e-2,3.2,,912,569,14.91,149159936,0,5.696,1.674,3474214_8.out
trunk_u10m30ep_lr1e-2_wd3.2,trunk,u10m30ep,dclm-10m-sub,10004022,2048,16,8192,1e-2,3.2,,912,608,15.932,159383552,0,5.679,1.67,3474214_8.out
trunk_u10m30ep_lr1e-2_wd3.2,trunk,u10m30ep,dclm-10m-sub,10004022,2048,16,8192,1e-2,3.2,,912,646,16.928,169345024,0,5.718,1.676,3474214_8.out
trunk_u10m30ep_lr1e-2_wd3.2,trunk,u10m30ep,dclm-10m-sub,10004022,2048,16,8192,1e-2,3.2,,912,684,17.923,179306496,0,5.705,1.664,3474214_8.out
trunk_u10m30ep_lr1e-2_wd3.2,trunk,u10m30ep,dclm-10m-sub,10004022,2048,16,8192,1e-2,3.2,,912,722,18.919,189267968,0,5.646,1.648,3474214_8.out
trunk_u10m30ep_lr1e-2_wd3.2,trunk,u10m30ep,dclm-10m-sub,10004022,2048,16,8192,1e-2,3.2,,912,759,19.889,198967296,0,5.862,1.718,3474214_8.out
trunk_u10m30ep_lr1e-2_wd3.2,trunk,u10m30ep,dclm-10m-sub,10004022,2048,16,8192,1e-2,3.2,,912,798,20.911,209190912,0,5.647,1.66,3474214_8.out
trunk_u10m30ep_lr1e-2_wd3.2,trunk,u10m30ep,dclm-10m-sub,10004022,2048,16,8192,1e-2,3.2,,912,836,21.906,219152384,0,5.648,1.651,3474214_8.out
trunk_u10m30ep_lr1e-2_wd3.2,trunk,u10m30ep,dclm-10m-sub,10004022,2048,16,8192,1e-2,3.2,,912,874,22.902,229113856,0,5.643,1.658,3474214_8.out
trunk_u10m30ep_lr1e-2_wd3.2,trunk,u10m30ep,dclm-10m-sub,10004022,2048,16,8192,1e-2,3.2,,912,912,23.898,239075328,0,5.81,1.719,3474214_8.out
trunk_u10m30ep_lr1e-3_wd0.1,trunk,u10m30ep,dclm-10m-sub,10004022,2048,16,8192,1e-3,0.1,,912,38,0.996,9961472,0,7.383,2.218,3474214_0.out
trunk_u10m30ep_lr1e-3_wd0.1,trunk,u10m30ep,dclm-10m-sub,10004022,2048,16,8192,1e-3,0.1,,912,76,1.991,19922944,0,6.732,2.052,3474214_0.out
trunk_u10m30ep_lr1e-3_wd0.1,trunk,u10m30ep,dclm-10m-sub,10004022,2048,16,8192,1e-3,0.1,,912,114,2.987,29884416,0,6.432,1.952,3474214_0.out
trunk_u10m30ep_lr1e-3_wd0.1,trunk,u10m30ep,dclm-10m-sub,10004022,2048,16,8192,1e-3,0.1,,912,152,3.983,39845888,0,6.19,1.891,3474214_0.out
trunk_u10m30ep_lr1e-3_wd0.1,trunk,u10m30ep,dclm-10m-sub,10004022,2048,16,8192,1e-3,0.1,,912,189,4.953,49545216,0,6.026,1.839,3474214_0.out
trunk_u10m30ep_lr1e-3_wd0.1,trunk,u10m30ep,dclm-10m-sub,10004022,2048,16,8192,1e-3,0.1,,912,228,5.974,59768832,0,5.866,1.773,3474214_0.out
trunk_u10m30ep_lr1e-3_wd0.1,trunk,u10m30ep,dclm-10m-sub,10004022,2048,16,8192,1e-3,0.1,,912,266,6.97,69730304,0,5.764,1.734,3474214_0.out
trunk_u10m30ep_lr1e-3_wd0.1,trunk,u10m30ep,dclm-10m-sub,10004022,2048,16,8192,1e-3,0.1,,912,304,7.966,79691776,0,5.672,1.7,3474214_0.out
trunk_u10m30ep_lr1e-3_wd0.1,trunk,u10m30ep,dclm-10m-sub,10004022,2048,16,8192,1e-3,0.1,,912,342,8.962,89653248,0,5.64,1.688,3474214_0.out
trunk_u10m30ep_lr1e-3_wd0.1,trunk,u10m30ep,dclm-10m-sub,10004022,2048,16,8192,1e-3,0.1,,912,379,9.931,99352576,0,5.654,1.681,3474214_0.out
trunk_u10m30ep_lr1e-3_wd0.1,trunk,u10m30ep,dclm-10m-sub,10004022,2048,16,8192,1e-3,0.1,,912,418,10.953,109576192,0,5.671,1.693,3474214_0.out
trunk_u10m30ep_lr1e-3_wd0.1,trunk,u10m30ep,dclm-10m-sub,10004022,2048,16,8192,1e-3,0.1,,912,456,11.949,119537664,0,5.759,1.733,3474214_0.out
trunk_u10m30ep_lr1e-3_wd0.1,trunk,u10m30ep,dclm-10m-sub,10004022,2048,16,8192,1e-3,0.1,,912,494,12.945,129499136,0,5.902,1.778,3474214_0.out
trunk_u10m30ep_lr1e-3_wd0.1,trunk,u10m30ep,dclm-10m-sub,10004022,2048,16,8192,1e-3,0.1,,912,532,13.94,139460608,0,6.133,1.86,3474214_0.out
trunk_u10m30ep_lr1e-3_wd0.1,trunk,u10m30ep,dclm-10m-sub,10004022,2048,16,8192,1e-3,0.1,,912,569,14.91,149159936,0,6.494,1.991,3474214_0.out
trunk_u10m30ep_lr1e-3_wd0.1,trunk,u10m30ep,dclm-10m-sub,10004022,2048,16,8192,1e-3,0.1,,912,608,15.932,159383552,0,6.977,2.167,3474214_0.out
trunk_u10m30ep_lr1e-3_wd0.1,trunk,u10m30ep,dclm-10m-sub,10004022,2048,16,8192,1e-3,0.1,,912,646,16.928,169345024,0,7.514,2.338,3474214_0.out
trunk_u10m30ep_lr1e-3_wd0.1,trunk,u10m30ep,dclm-10m-sub,10004022,2048,16,8192,1e-3,0.1,,912,684,17.923,179306496,0,8.05,2.54,3474214_0.out
trunk_u10m30ep_lr1e-3_wd0.1,trunk,u10m30ep,dclm-10m-sub,10004022,2048,16,8192,1e-3,0.1,,912,722,18.919,189267968,0,8.452,2.651,3474214_0.out
trunk_u10m30ep_lr1e-3_wd0.1,trunk,u10m30ep,dclm-10m-sub,10004022,2048,16,8192,1e-3,0.1,,912,759,19.889,198967296,0,8.818,2.77,3474214_0.out
trunk_u10m30ep_lr1e-3_wd0.1,trunk,u10m30ep,dclm-10m-sub,10004022,2048,16,8192,1e-3,0.1,,912,798,20.911,209190912,0,9.09,2.845,3474214_0.out
trunk_u10m30ep_lr1e-3_wd0.1,trunk,u10m30ep,dclm-10m-sub,10004022,2048,16,8192,1e-3,0.1,,912,836,21.906,219152384,0,9.32,2.92,3474214_0.out
trunk_u10m30ep_lr1e-3_wd0.1,trunk,u10m30ep,dclm-10m-sub,10004022,2048,16,8192,1e-3,0.1,,912,874,22.902,229113856,0,9.564,2.984,3474214_0.out
trunk_u10m30ep_lr1e-3_wd0.1,trunk,u10m30ep,dclm-10m-sub,10004022,2048,16,8192,1e-3,0.1,,912,912,23.898,239075328,0,9.749,3.052,3474214_0.out
trunk_u10m30ep_lr1e-3_wd0.8,trunk,u10m30ep,dclm-10m-sub,10004022,2048,16,8192,1e-3,0.8,,912,38,0.996,9961472,0,7.308,2.197,3474214_1.out
trunk_u10m30ep_lr1e-3_wd0.8,trunk,u10m30ep,dclm-10m-sub,10004022,2048,16,8192,1e-3,0.8,,912,76,1.991,19922944,0,6.685,2.034,3474214_1.out
trunk_u10m30ep_lr1e-3_wd0.8,trunk,u10m30ep,dclm-10m-sub,10004022,2048,16,8192,1e-3,0.8,,912,114,2.987,29884416,0,6.399,1.95,3474214_1.out
trunk_u10m30ep_lr1e-3_wd0.8,trunk,u10m30ep,dclm-10m-sub,10004022,2048,16,8192,1e-3,0.8,,912,152,3.983,39845888,0,6.159,1.886,3474214_1.out
trunk_u10m30ep_lr1e-3_wd0.8,trunk,u10m30ep,dclm-10m-sub,10004022,2048,16,8192,1e-3,0.8,,912,189,4.953,49545216,0,5.976,1.807,3474214_1.out
trunk_u10m30ep_lr1e-3_wd0.8,trunk,u10m30ep,dclm-10m-sub,10004022,2048,16,8192,1e-3,0.8,,912,228,5.974,59768832,0,5.832,1.758,3474214_1.out
trunk_u10m30ep_lr1e-3_wd0.8,trunk,u10m30ep,dclm-10m-sub,10004022,2048,16,8192,1e-3,0.8,,912,266,6.97,69730304,0,5.689,1.715,3474214_1.out
trunk_u10m30ep_lr1e-3_wd0.8,trunk,u10m30ep,dclm-10m-sub,10004022,2048,16,8192,1e-3,0.8,,912,304,7.966,79691776,0,5.593,1.673,3474214_1.out
trunk_u10m30ep_lr1e-3_wd0.8,trunk,u10m30ep,dclm-10m-sub,10004022,2048,16,8192,1e-3,0.8,,912,342,8.962,89653248,0,5.53,1.661,3474214_1.out
trunk_u10m30ep_lr1e-3_wd0.8,trunk,u10m30ep,dclm-10m-sub,10004022,2048,16,8192,1e-3,0.8,,912,379,9.931,99352576,0,5.496,1.644,3474214_1.out
trunk_u10m30ep_lr1e-3_wd0.8,trunk,u10m30ep,dclm-10m-sub,10004022,2048,16,8192,1e-3,0.8,,912,418,10.953,109576192,0,5.496,1.647,3474214_1.out
trunk_u10m30ep_lr1e-3_wd0.8,trunk,u10m30ep,dclm-10m-sub,10004022,2048,16,8192,1e-3,0.8,,912,456,11.949,119537664,0,5.525,1.67,3474214_1.out
trunk_u10m30ep_lr1e-3_wd0.8,trunk,u10m30ep,dclm-10m-sub,10004022,2048,16,8192,1e-3,0.8,,912,494,12.945,129499136,0,5.642,1.717,3474214_1.out
trunk_u10m30ep_lr1e-3_wd0.8,trunk,u10m30ep,dclm-10m-sub,10004022,2048,16,8192,1e-3,0.8,,912,532,13.94,139460608,0,5.844,1.773,3474214_1.out
trunk_u10m30ep_lr1e-3_wd0.8,trunk,u10m30ep,dclm-10m-sub,10004022,2048,16,8192,1e-3,0.8,,912,569,14.91,149159936,0,6.13,1.891,3474214_1.out
trunk_u10m30ep_lr1e-3_wd0.8,trunk,u10m30ep,dclm-10m-sub,10004022,2048,16,8192,1e-3,0.8,,912,608,15.932,159383552,0,6.541,2.048,3474214_1.out
trunk_u10m30ep_lr1e-3_wd0.8,trunk,u10m30ep,dclm-10m-sub,10004022,2048,16,8192,1e-3,0.8,,912,646,16.928,169345024,0,6.964,2.198,3474214_1.out
trunk_u10m30ep_lr1e-3_wd0.8,trunk,u10m30ep,dclm-10m-sub,10004022,2048,16,8192,1e-3,0.8,,912,684,17.923,179306496,0,7.365,2.341,3474214_1.out
trunk_u10m30ep_lr1e-3_wd0.8,trunk,u10m30ep,dclm-10m-sub,10004022,2048,16,8192,1e-3,0.8,,912,722,18.919,189267968,0,7.639,2.415,3474214_1.out
trunk_u10m30ep_lr1e-3_wd0.8,trunk,u10m30ep,dclm-10m-sub,10004022,2048,16,8192,1e-3,0.8,,912,759,19.889,198967296,0,7.841,2.496,3474214_1.out
trunk_u10m30ep_lr1e-3_wd0.8,trunk,u10m30ep,dclm-10m-sub,10004022,2048,16,8192,1e-3,0.8,,912,798,20.911,209190912,0,7.987,2.526,3474214_1.out
trunk_u10m30ep_lr1e-3_wd0.8,trunk,u10m30ep,dclm-10m-sub,10004022,2048,16,8192,1e-3,0.8,,912,836,21.906,219152384,0,8.142,2.568,3474214_1.out
trunk_u10m30ep_lr1e-3_wd0.8,trunk,u10m30ep,dclm-10m-sub,10004022,2048,16,8192,1e-3,0.8,,912,874,22.902,229113856,0,8.256,2.602,3474214_1.out
trunk_u10m30ep_lr1e-3_wd0.8,trunk,u10m30ep,dclm-10m-sub,10004022,2048,16,8192,1e-3,0.8,,912,912,23.898,239075328,0,8.304,2.606,3474214_1.out
trunk_u10m30ep_lr1e-3_wd3.2,trunk,u10m30ep,dclm-10m-sub,10004022,2048,16,8192,1e-3,3.2,,912,38,0.996,9961472,0,7.329,2.198,3474214_2.out
trunk_u10m30ep_lr1e-3_wd3.2,trunk,u10m30ep,dclm-10m-sub,10004022,2048,16,8192,1e-3,3.2,,912,76,1.991,19922944,0,6.686,2.035,3474214_2.out
trunk_u10m30ep_lr1e-3_wd3.2,trunk,u10m30ep,dclm-10m-sub,10004022,2048,16,8192,1e-3,3.2,,912,114,2.987,29884416,0,6.395,1.945,3474214_2.out
trunk_u10m30ep_lr1e-3_wd3.2,trunk,u10m30ep,dclm-10m-sub,10004022,2048,16,8192,1e-3,3.2,,912,152,3.983,39845888,0,6.138,1.877,3474214_2.out
trunk_u10m30ep_lr1e-3_wd3.2,trunk,u10m30ep,dclm-10m-sub,10004022,2048,16,8192,1e-3,3.2,,912,189,4.953,49545216,0,6.011,1.819,3474214_2.out
trunk_u10m30ep_lr1e-3_wd3.2,trunk,u10m30ep,dclm-10m-sub,10004022,2048,16,8192,1e-3,3.2,,912,228,5.974,59768832,0,5.845,1.756,3474214_2.out
trunk_u10m30ep_lr1e-3_wd3.2,trunk,u10m30ep,dclm-10m-sub,10004022,2048,16,8192,1e-3,3.2,,912,266,6.97,69730304,0,5.692,1.705,3474214_2.out
trunk_u10m30ep_lr1e-3_wd3.2,trunk,u10m30ep,dclm-10m-sub,10004022,2048,16,8192,1e-3,3.2,,912,304,7.966,79691776,0,5.591,1.664,3474214_2.out
trunk_u10m30ep_lr1e-3_wd3.2,trunk,u10m30ep,dclm-10m-sub,10004022,2048,16,8192,1e-3,3.2,,912,342,8.962,89653248,0,5.525,1.647,3474214_2.out
trunk_u10m30ep_lr1e-3_wd3.2,trunk,u10m30ep,dclm-10m-sub,10004022,2048,16,8192,1e-3,3.2,,912,379,9.931,99352576,0,5.466,1.623,3474214_2.out
trunk_u10m30ep_lr1e-3_wd3.2,trunk,u10m30ep,dclm-10m-sub,10004022,2048,16,8192,1e-3,3.2,,912,418,10.953,109576192,0,5.439,1.618,3474214_2.out
trunk_u10m30ep_lr1e-3_wd3.2,trunk,u10m30ep,dclm-10m-sub,10004022,2048,16,8192,1e-3,3.2,,912,456,11.949,119537664,0,5.388,1.607,3474214_2.out
trunk_u10m30ep_lr1e-3_wd3.2,trunk,u10m30ep,dclm-10m-sub,10004022,2048,16,8192,1e-3,3.2,,912,494,12.945,129499136,0,5.384,1.6,3474214_2.out
trunk_u10m30ep_lr1e-3_wd3.2,trunk,u10m30ep,dclm-10m-sub,10004022,2048,16,8192,1e-3,3.2,,912,532,13.94,139460608,0,5.351,1.588,3474214_2.out
trunk_u10m30ep_lr1e-3_wd3.2,trunk,u10m30ep,dclm-10m-sub,10004022,2048,16,8192,1e-3,3.2,,912,569,14.91,149159936,0,5.352,1.576,3474214_2.out
trunk_u10m30ep_lr1e-3_wd3.2,trunk,u10m30ep,dclm-10m-sub,10004022,2048,16,8192,1e-3,3.2,,912,608,15.932,159383552,0,5.345,1.591,3474214_2.out
trunk_u10m30ep_lr1e-3_wd3.2,trunk,u10m30ep,dclm-10m-sub,10004022,2048,16,8192,1e-3,3.2,,912,646,16.928,169345024,0,5.346,1.597,3474214_2.out
trunk_u10m30ep_lr1e-3_wd3.2,trunk,u10m30ep,dclm-10m-sub,10004022,2048,16,8192,1e-3,3.2,,912,684,17.923,179306496,0,5.348,1.591,3474214_2.out
trunk_u10m30ep_lr1e-3_wd3.2,trunk,u10m30ep,dclm-10m-sub,10004022,2048,16,8192,1e-3,3.2,,912,722,18.919,189267968,0,5.349,1.609,3474214_2.out
trunk_u10m30ep_lr1e-3_wd3.2,trunk,u10m30ep,dclm-10m-sub,10004022,2048,16,8192,1e-3,3.2,,912,759,19.889,198967296,0,5.353,1.601,3474214_2.out
trunk_u10m30ep_lr1e-3_wd3.2,trunk,u10m30ep,dclm-10m-sub,10004022,2048,16,8192,1e-3,3.2,,912,798,20.911,209190912,0,5.371,1.612,3474214_2.out
trunk_u10m30ep_lr1e-3_wd3.2,trunk,u10m30ep,dclm-10m-sub,10004022,2048,16,8192,1e-3,3.2,,912,836,21.906,219152384,0,5.401,1.634,3474214_2.out
trunk_u10m30ep_lr1e-3_wd3.2,trunk,u10m30ep,dclm-10m-sub,10004022,2048,16,8192,1e-3,3.2,,912,874,22.902,229113856,0,5.422,1.628,3474214_2.out
trunk_u10m30ep_lr1e-3_wd3.2,trunk,u10m30ep,dclm-10m-sub,10004022,2048,16,8192,1e-3,3.2,,912,912,23.898,239075328,0,5.43,1.638,3474214_2.out
trunk_u10m30ep_lr3e-3_wd0.1,trunk,u10m30ep,dclm-10m-sub,10004022,2048,16,8192,3e-3,0.1,,912,38,0.996,9961472,0,7.755,2.307,3474214_3.out
trunk_u10m30ep_lr3e-3_wd0.1,trunk,u10m30ep,dclm-10m-sub,10004022,2048,16,8192,3e-3,0.1,,912,76,1.991,19922944,0,6.863,2.076,3474214_3.out
trunk_u10m30ep_lr3e-3_wd0.1,trunk,u10m30ep,dclm-10m-sub,10004022,2048,16,8192,3e-3,0.1,,912,114,2.987,29884416,0,6.538,1.978,3474214_3.out
trunk_u10m30ep_lr3e-3_wd0.1,trunk,u10m30ep,dclm-10m-sub,10004022,2048,16,8192,3e-3,0.1,,912,152,3.983,39845888,0,6.304,1.918,3474214_3.out
trunk_u10m30ep_lr3e-3_wd0.1,trunk,u10m30ep,dclm-10m-sub,10004022,2048,16,8192,3e-3,0.1,,912,189,4.953,49545216,0,6.083,1.84,3474214_3.out
trunk_u10m30ep_lr3e-3_wd0.1,trunk,u10m30ep,dclm-10m-sub,10004022,2048,16,8192,3e-3,0.1,,912,228,5.974,59768832,0,5.921,1.781,3474214_3.out
trunk_u10m30ep_lr3e-3_wd0.1,trunk,u10m30ep,dclm-10m-sub,10004022,2048,16,8192,3e-3,0.1,,912,266,6.97,69730304,0,5.776,1.722,3474214_3.out
trunk_u10m30ep_lr3e-3_wd0.1,trunk,u10m30ep,dclm-10m-sub,10004022,2048,16,8192,3e-3,0.1,,912,304,7.966,79691776,0,5.682,1.687,3474214_3.out
trunk_u10m30ep_lr3e-3_wd0.1,trunk,u10m30ep,dclm-10m-sub,10004022,2048,16,8192,3e-3,0.1,,912,342,8.962,89653248,0,5.612,1.653,3474214_3.out
trunk_u10m30ep_lr3e-3_wd0.1,trunk,u10m30ep,dclm-10m-sub,10004022,2048,16,8192,3e-3,0.1,,912,379,9.931,99352576,0,5.573,1.64,3474214_3.out
trunk_u10m30ep_lr3e-3_wd0.1,trunk,u10m30ep,dclm-10m-sub,10004022,2048,16,8192,3e-3,0.1,,912,418,10.953,109576192,0,5.565,1.637,3474214_3.out
trunk_u10m30ep_lr3e-3_wd0.1,trunk,u10m30ep,dclm-10m-sub,10004022,2048,16,8192,3e-3,0.1,,912,456,11.949,119537664,0,5.615,1.635,3474214_3.out
trunk_u10m30ep_lr3e-3_wd0.1,trunk,u10m30ep,dclm-10m-sub,10004022,2048,16,8192,3e-3,0.1,,912,494,12.945,129499136,0,5.681,1.671,3474214_3.out
trunk_u10m30ep_lr3e-3_wd0.1,trunk,u10m30ep,dclm-10m-sub,10004022,2048,16,8192,3e-3,0.1,,912,532,13.94,139460608,0,5.821,1.704,3474214_3.out
trunk_u10m30ep_lr3e-3_wd0.1,trunk,u10m30ep,dclm-10m-sub,10004022,2048,16,8192,3e-3,0.1,,912,569,14.91,149159936,0,6.084,1.794,3474214_3.out
trunk_u10m30ep_lr3e-3_wd0.1,trunk,u10m30ep,dclm-10m-sub,10004022,2048,16,8192,3e-3,0.1,,912,608,15.932,159383552,0,6.447,1.903,3474214_3.out
trunk_u10m30ep_lr3e-3_wd0.1,trunk,u10m30ep,dclm-10m-sub,10004022,2048,16,8192,3e-3,0.1,,912,646,16.928,169345024,0,6.837,2.055,3474214_3.out
trunk_u10m30ep_lr3e-3_wd0.1,trunk,u10m30ep,dclm-10m-sub,10004022,2048,16,8192,3e-3,0.1,,912,684,17.923,179306496,0,7.376,2.229,3474214_3.out
trunk_u10m30ep_lr3e-3_wd0.1,trunk,u10m30ep,dclm-10m-sub,10004022,2048,16,8192,3e-3,0.1,,912,722,18.919,189267968,0,7.862,2.385,3474214_3.out
trunk_u10m30ep_lr3e-3_wd0.1,trunk,u10m30ep,dclm-10m-sub,10004022,2048,16,8192,3e-3,0.1,,912,759,19.889,198967296,0,8.44,2.581,3474214_3.out
trunk_u10m30ep_lr3e-3_wd0.1,trunk,u10m30ep,dclm-10m-sub,10004022,2048,16,8192,3e-3,0.1,,912,798,20.911,209190912,0,9.087,2.772,3474214_3.out
trunk_u10m30ep_lr3e-3_wd0.1,trunk,u10m30ep,dclm-10m-sub,10004022,2048,16,8192,3e-3,0.1,,912,836,21.906,219152384,0,9.634,2.92,3474214_3.out
trunk_u10m30ep_lr3e-3_wd0.1,trunk,u10m30ep,dclm-10m-sub,10004022,2048,16,8192,3e-3,0.1,,912,874,22.902,229113856,0,10.17,3.103,3474214_3.out
trunk_u10m30ep_lr3e-3_wd0.1,trunk,u10m30ep,dclm-10m-sub,10004022,2048,16,8192,3e-3,0.1,,912,912,23.898,239075328,0,10.59,3.22,3474214_3.out
trunk_u10m30ep_lr3e-3_wd0.8,trunk,u10m30ep,dclm-10m-sub,10004022,2048,16,8192,3e-3,0.8,,912,38,0.996,9961472,0,7.687,2.28,3474214_4.out
trunk_u10m30ep_lr3e-3_wd0.8,trunk,u10m30ep,dclm-10m-sub,10004022,2048,16,8192,3e-3,0.8,,912,76,1.991,19922944,0,6.813,2.076,3474214_4.out
trunk_u10m30ep_lr3e-3_wd0.8,trunk,u10m30ep,dclm-10m-sub,10004022,2048,16,8192,3e-3,0.8,,912,114,2.987,29884416,0,6.537,1.983,3474214_4.out
trunk_u10m30ep_lr3e-3_wd0.8,trunk,u10m30ep,dclm-10m-sub,10004022,2048,16,8192,3e-3,0.8,,912,152,3.983,39845888,0,6.302,1.927,3474214_4.out
trunk_u10m30ep_lr3e-3_wd0.8,trunk,u10m30ep,dclm-10m-sub,10004022,2048,16,8192,3e-3,0.8,,912,189,4.953,49545216,0,6.094,1.851,3474214_4.out
trunk_u10m30ep_lr3e-3_wd0.8,trunk,u10m30ep,dclm-10m-sub,10004022,2048,16,8192,3e-3,0.8,,912,228,5.974,59768832,0,5.964,1.794,3474214_4.out
trunk_u10m30ep_lr3e-3_wd0.8,trunk,u10m30ep,dclm-10m-sub,10004022,2048,16,8192,3e-3,0.8,,912,266,6.97,69730304,0,5.864,1.751,3474214_4.out
trunk_u10m30ep_lr3e-3_wd0.8,trunk,u10m30ep,dclm-10m-sub,10004022,2048,16,8192,3e-3,0.8,,912,304,7.966,79691776,0,5.72,1.709,3474214_4.out
trunk_u10m30ep_lr3e-3_wd0.8,trunk,u10m30ep,dclm-10m-sub,10004022,2048,16,8192,3e-3,0.8,,912,342,8.962,89653248,0,5.652,1.673,3474214_4.out
trunk_u10m30ep_lr3e-3_wd0.8,trunk,u10m30ep,dclm-10m-sub,10004022,2048,16,8192,3e-3,0.8,,912,379,9.931,99352576,0,5.588,1.656,3474214_4.out
trunk_u10m30ep_lr3e-3_wd0.8,trunk,u10m30ep,dclm-10m-sub,10004022,2048,16,8192,3e-3,0.8,,912,418,10.953,109576192,0,5.522,1.626,3474214_4.out
trunk_u10m30ep_lr3e-3_wd0.8,trunk,u10m30ep,dclm-10m-sub,10004022,2048,16,8192,3e-3,0.8,,912,456,11.949,119537664,0,5.521,1.623,3474214_4.out
trunk_u10m30ep_lr3e-3_wd0.8,trunk,u10m30ep,dclm-10m-sub,10004022,2048,16,8192,3e-3,0.8,,912,494,12.945,129499136,0,5.517,1.632,3474214_4.out
trunk_u10m30ep_lr3e-3_wd0.8,trunk,u10m30ep,dclm-10m-sub,10004022,2048,16,8192,3e-3,0.8,,912,532,13.94,139460608,0,5.515,1.625,3474214_4.out
trunk_u10m30ep_lr3e-3_wd0.8,trunk,u10m30ep,dclm-10m-sub,10004022,2048,16,8192,3e-3,0.8,,912,569,14.91,149159936,0,5.549,1.626,3474214_4.out
trunk_u10m30ep_lr3e-3_wd0.8,trunk,u10m30ep,dclm-10m-sub,10004022,2048,16,8192,3e-3,0.8,,912,608,15.932,159383552,0,5.629,1.666,3474214_4.out
trunk_u10m30ep_lr3e-3_wd0.8,trunk,u10m30ep,dclm-10m-sub,10004022,2048,16,8192,3e-3,0.8,,912,646,16.928,169345024,0,5.754,1.689,3474214_4.out
trunk_u10m30ep_lr3e-3_wd0.8,trunk,u10m30ep,dclm-10m-sub,10004022,2048,16,8192,3e-3,0.8,,912,684,17.923,179306496,0,5.919,1.766,3474214_4.out
trunk_u10m30ep_lr3e-3_wd0.8,trunk,u10m30ep,dclm-10m-sub,10004022,2048,16,8192,3e-3,0.8,,912,722,18.919,189267968,0,6.166,1.831,3474214_4.out
trunk_u10m30ep_lr3e-3_wd0.8,trunk,u10m30ep,dclm-10m-sub,10004022,2048,16,8192,3e-3,0.8,,912,759,19.889,198967296,0,6.368,1.899,3474214_4.out
trunk_u10m30ep_lr3e-3_wd0.8,trunk,u10m30ep,dclm-10m-sub,10004022,2048,16,8192,3e-3,0.8,,912,798,20.911,209190912,0,6.638,2.001,3474214_4.out
trunk_u10m30ep_lr3e-3_wd0.8,trunk,u10m30ep,dclm-10m-sub,10004022,2048,16,8192,3e-3,0.8,,912,836,21.906,219152384,0,6.918,2.096,3474214_4.out
trunk_u10m30ep_lr3e-3_wd0.8,trunk,u10m30ep,dclm-10m-sub,10004022,2048,16,8192,3e-3,0.8,,912,874,22.902,229113856,0,7.166,2.174,3474214_4.out
trunk_u10m30ep_lr3e-3_wd0.8,trunk,u10m30ep,dclm-10m-sub,10004022,2048,16,8192,3e-3,0.8,,912,912,23.898,239075328,0,7.381,2.255,3474214_4.out
trunk_u10m30ep_lr3e-3_wd3.2,trunk,u10m30ep,dclm-10m-sub,10004022,2048,16,8192,3e-3,3.2,,912,38,0.996,9961472,0,7.625,2.282,3474214_5.out
trunk_u10m30ep_lr3e-3_wd3.2,trunk,u10m30ep,dclm-10m-sub,10004022,2048,16,8192,3e-3,3.2,,912,76,1.991,19922944,0,6.839,2.083,3474214_5.out
trunk_u10m30ep_lr3e-3_wd3.2,trunk,u10m30ep,dclm-10m-sub,10004022,2048,16,8192,3e-3,3.2,,912,114,2.987,29884416,0,6.689,2.017,3474214_5.out
trunk_u10m30ep_lr3e-3_wd3.2,trunk,u10m30ep,dclm-10m-sub,10004022,2048,16,8192,3e-3,3.2,,912,152,3.983,39845888,0,6.486,1.974,3474214_5.out
trunk_u10m30ep_lr3e-3_wd3.2,trunk,u10m30ep,dclm-10m-sub,10004022,2048,16,8192,3e-3,3.2,,912,189,4.953,49545216,0,6.355,1.934,3474214_5.out
trunk_u10m30ep_lr3e-3_wd3.2,trunk,u10m30ep,dclm-10m-sub,10004022,2048,16,8192,3e-3,3.2,,912,228,5.974,59768832,0,6.269,1.931,3474214_5.out
trunk_u10m30ep_lr3e-3_wd3.2,trunk,u10m30ep,dclm-10m-sub,10004022,2048,16,8192,3e-3,3.2,,912,266,6.97,69730304,0,6.143,1.863,3474214_5.out
trunk_u10m30ep_lr3e-3_wd3.2,trunk,u10m30ep,dclm-10m-sub,10004022,2048,16,8192,3e-3,3.2,,912,304,7.966,79691776,0,6.057,1.839,3474214_5.out
trunk_u10m30ep_lr3e-3_wd3.2,trunk,u10m30ep,dclm-10m-sub,10004022,2048,16,8192,3e-3,3.2,,912,342,8.962,89653248,0,5.957,1.804,3474214_5.out
trunk_u10m30ep_lr3e-3_wd3.2,trunk,u10m30ep,dclm-10m-sub,10004022,2048,16,8192,3e-3,3.2,,912,379,9.931,99352576,0,5.888,1.77,3474214_5.out
trunk_u10m30ep_lr3e-3_wd3.2,trunk,u10m30ep,dclm-10m-sub,10004022,2048,16,8192,3e-3,3.2,,912,418,10.953,109576192,0,5.791,1.723,3474214_5.out
trunk_u10m30ep_lr3e-3_wd3.2,trunk,u10m30ep,dclm-10m-sub,10004022,2048,16,8192,3e-3,3.2,,912,456,11.949,119537664,0,5.704,1.718,3474214_5.out
trunk_u10m30ep_lr3e-3_wd3.2,trunk,u10m30ep,dclm-10m-sub,10004022,2048,16,8192,3e-3,3.2,,912,494,12.945,129499136,0,5.626,1.688,3474214_5.out
trunk_u10m30ep_lr3e-3_wd3.2,trunk,u10m30ep,dclm-10m-sub,10004022,2048,16,8192,3e-3,3.2,,912,532,13.94,139460608,0,5.579,1.662,3474214_5.out
trunk_u10m30ep_lr3e-3_wd3.2,trunk,u10m30ep,dclm-10m-sub,10004022,2048,16,8192,3e-3,3.2,,912,569,14.91,149159936,0,5.552,1.658,3474214_5.out
trunk_u10m30ep_lr3e-3_wd3.2,trunk,u10m30ep,dclm-10m-sub,10004022,2048,16,8192,3e-3,3.2,,912,608,15.932,159383552,0,5.513,1.633,3474214_5.out
trunk_u10m30ep_lr3e-3_wd3.2,trunk,u10m30ep,dclm-10m-sub,10004022,2048,16,8192,3e-3,3.2,,912,646,16.928,169345024,0,5.49,1.617,3474214_5.out
trunk_u10m30ep_lr3e-3_wd3.2,trunk,u10m30ep,dclm-10m-sub,10004022,2048,16,8192,3e-3,3.2,,912,684,17.923,179306496,0,5.487,1.628,3474214_5.out
trunk_u10m30ep_lr3e-3_wd3.2,trunk,u10m30ep,dclm-10m-sub,10004022,2048,16,8192,3e-3,3.2,,912,722,18.919,189267968,0,5.462,1.614,3474214_5.out
trunk_u10m30ep_lr3e-3_wd3.2,trunk,u10m30ep,dclm-10m-sub,10004022,2048,16,8192,3e-3,3.2,,912,759,19.889,198967296,0,5.459,1.612,3474214_5.out
trunk_u10m30ep_lr3e-3_wd3.2,trunk,u10m30ep,dclm-10m-sub,10004022,2048,16,8192,3e-3,3.2,,912,798,20.911,209190912,0,5.439,1.6,3474214_5.out
trunk_u10m30ep_lr3e-3_wd3.2,trunk,u10m30ep,dclm-10m-sub,10004022,2048,16,8192,3e-3,3.2,,912,836,21.906,219152384,0,5.478,1.602,3474214_5.out
trunk_u10m30ep_lr3e-3_wd3.2,trunk,u10m30ep,dclm-10m-sub,10004022,2048,16,8192,3e-3,3.2,,912,874,22.902,229113856,0,5.425,1.59,3474214_5.out
trunk_u10m30ep_lr3e-3_wd3.2,trunk,u10m30ep,dclm-10m-sub,10004022,2048,16,8192,3e-3,3.2,,912,912,23.898,239075328,0,5.467,1.607,3474214_5.out
trunk_u1b_lr1e-3_wd0.8,trunk,u1b,dclm-1b-train,948473071,2048,16,8192,1e-3,0.8,,2480,9,0.002,2359296,0,11.85,,3482950_0.out|3484021_0.out
trunk_u1b_lr1e-3_wd0.8,trunk,u1b,dclm-1b-train,948473071,2048,16,8192,1e-3,0.8,,2480,26,0.007,6815744,0,11.85,,3482950_0.out|3484021_0.out
trunk_u1b_lr1e-3_wd0.8,trunk,u1b,dclm-1b-train,948473071,2048,16,8192,1e-3,0.8,,2480,94,0.026,24641536,0,11.85,,3482950_0.out|3484021_0.out
trunk_u1b_lr1e-3_wd0.8,trunk,u1b,dclm-1b-train,948473071,2048,16,8192,1e-3,0.8,,2480,157,0.043,41156608,0,11.85,,3482950_0.out|3484021_0.out
trunk_u1b_lr1e-3_wd0.8,trunk,u1b,dclm-1b-train,948473071,2048,16,8192,1e-3,0.8,,2480,163,0.045,42729472,0,11.85,,3482950_0.out|3484021_0.out
trunk_u1b_lr1e-3_wd0.8,trunk,u1b,dclm-1b-train,948473071,2048,16,8192,1e-3,0.8,,2480,172,0.048,45088768,0,11.85,,3482950_0.out|3484021_0.out
trunk_u1b_lr1e-3_wd0.8,trunk,u1b,dclm-1b-train,948473071,2048,16,8192,1e-3,0.8,,2480,237,0.066,62128128,0,11.85,,3482950_0.out|3484021_0.out
trunk_u1b_lr1e-3_wd0.8,trunk,u1b,dclm-1b-train,948473071,2048,16,8192,1e-3,0.8,,2480,248,0.069,65011712,0,5.653,,3482950_0.out|3484021_0.out
trunk_u1b_lr1e-3_wd0.8,trunk,u1b,dclm-1b-train,948473071,2048,16,8192,1e-3,0.8,,2480,362,0.1,94896128,0,5.26,,3482950_0.out|3484021_0.out
trunk_u1b_lr1e-3_wd0.8,trunk,u1b,dclm-1b-train,948473071,2048,16,8192,1e-3,0.8,,2480,378,0.104,99090432,0,11.85,,3482950_0.out|3484021_0.out
trunk_u1b_lr1e-3_wd0.8,trunk,u1b,dclm-1b-train,948473071,2048,16,8192,1e-3,0.8,,2480,396,0.109,103809024,0,11.85,,3482950_0.out|3484021_0.out
trunk_u1b_lr1e-3_wd0.8,trunk,u1b,dclm-1b-train,948473071,2048,16,8192,1e-3,0.8,,2480,424,0.117,111149056,0,11.85,,3482950_0.out|3484021_0.out
trunk_u1b_lr1e-3_wd0.8,trunk,u1b,dclm-1b-train,948473071,2048,16,8192,1e-3,0.8,,2480,454,0.125,119013376,0,4.983,,3482950_0.out|3484021_0.out
trunk_u1b_lr1e-3_wd0.8,trunk,u1b,dclm-1b-train,948473071,2048,16,8192,1e-3,0.8,,2480,496,0.137,130023424,0,4.862,,3482950_0.out|3484021_0.out
trunk_u1b_lr1e-3_wd0.8,trunk,u1b,dclm-1b-train,948473071,2048,16,8192,1e-3,0.8,,2480,581,0.161,152305664,0,11.85,,3482950_0.out|3484021_0.out
trunk_u1b_lr1e-3_wd0.8,trunk,u1b,dclm-1b-train,948473071,2048,16,8192,1e-3,0.8,,2480,596,0.165,156237824,0,11.85,,3482950_0.out|3484021_0.out
trunk_u1b_lr1e-3_wd0.8,trunk,u1b,dclm-1b-train,948473071,2048,16,8192,1e-3,0.8,,2480,598,0.165,156762112,0,11.85,,3482950_0.out|3484021_0.out
trunk_u1b_lr1e-3_wd0.8,trunk,u1b,dclm-1b-train,948473071,2048,16,8192,1e-3,0.8,,2480,602,0.166,157810688,0,11.85,,3482950_0.out|3484021_0.out
trunk_u1b_lr1e-3_wd0.8,trunk,u1b,dclm-1b-train,948473071,2048,16,8192,1e-3,0.8,,2480,685,0.189,179568640,0,11.85,,3482950_0.out|3484021_0.out
trunk_u1b_lr1e-3_wd0.8,trunk,u1b,dclm-1b-train,948473071,2048,16,8192,1e-3,0.8,,2480,744,0.206,195035136,0,4.441,,3482950_0.out|3484021_0.out
trunk_u1b_lr1e-3_wd0.8,trunk,u1b,dclm-1b-train,948473071,2048,16,8192,1e-3,0.8,,2480,942,0.26,246939648,0,4.289,,3482950_0.out|3484021_0.out
trunk_u1b_lr1e-3_wd0.8,trunk,u1b,dclm-1b-train,948473071,2048,16,8192,1e-3,0.8,,2480,984,0.272,257949696,0,4.289,,3482950_0.out|3484021_0.out
trunk_u1b_lr1e-3_wd0.8,trunk,u1b,dclm-1b-train,948473071,2048,16,8192,1e-3,0.8,,2480,989,0.273,259260416,0,4.289,,3482950_0.out|3484021_0.out
trunk_u1b_lr1e-3_wd0.8,trunk,u1b,dclm-1b-train,948473071,2048,16,8192,1e-3,0.8,,2480,992,0.274,260046848,0,4.238,,3482950_0.out|3484021_0.out
trunk_u1b_lr1e-3_wd0.8,trunk,u1b,dclm-1b-train,948473071,2048,16,8192,1e-3,0.8,,2480,1081,0.299,283377664,0,4.193,,3482950_0.out|3484021_0.out
trunk_u1b_lr1e-3_wd0.8,trunk,u1b,dclm-1b-train,948473071,2048,16,8192,1e-3,0.8,,2480,1110,0.307,290979840,0,4.193,,3482950_0.out|3484021_0.out
trunk_u1b_lr1e-3_wd0.8,trunk,u1b,dclm-1b-train,948473071,2048,16,8192,1e-3,0.8,,2480,1172,0.324,307232768,0,4.193,,3482950_0.out|3484021_0.out
trunk_u1b_lr1e-3_wd0.8,trunk,u1b,dclm-1b-train,948473071,2048,16,8192,1e-3,0.8,,2480,1239,0.342,324796416,0,4.096,,3482950_0.out|3484021_0.out
trunk_u1b_lr1e-3_wd0.8,trunk,u1b,dclm-1b-train,948473071,2048,16,8192,1e-3,0.8,,2480,1253,0.346,328466432,0,4.123,,3482950_0.out|3484021_0.out
trunk_u1b_lr1e-3_wd0.8,trunk,u1b,dclm-1b-train,948473071,2048,16,8192,1e-3,0.8,,2480,1488,0.411,390070272,0,4.009,,3482950_0.out|3484021_0.out
trunk_u1b_lr1e-3_wd0.8,trunk,u1b,dclm-1b-train,948473071,2048,16,8192,1e-3,0.8,,2480,1659,0.459,434896896,0,3.977,,3482950_0.out|3484021_0.out
trunk_u1b_lr1e-3_wd0.8,trunk,u1b,dclm-1b-train,948473071,2048,16,8192,1e-3,0.8,,2480,1712,0.473,448790528,0,3.977,,3482950_0.out|3484021_0.out
trunk_u1b_lr1e-3_wd0.8,trunk,u1b,dclm-1b-train,948473071,2048,16,8192,1e-3,0.8,,2480,1736,0.48,455081984,0,3.95,,3482950_0.out|3484021_0.out
trunk_u1b_lr1e-3_wd0.8,trunk,u1b,dclm-1b-train,948473071,2048,16,8192,1e-3,0.8,,2480,1814,0.501,475529216,0,3.933,,3482950_0.out|3484021_0.out
trunk_u1b_lr1e-3_wd0.8,trunk,u1b,dclm-1b-train,948473071,2048,16,8192,1e-3,0.8,,2480,1984,0.548,520093696,0,3.905,,3482950_0.out|3484021_0.out
trunk_u1b_lr1e-3_wd0.8,trunk,u1b,dclm-1b-train,948473071,2048,16,8192,1e-3,0.8,,2480,2232,0.617,585105408,0,3.861,,3482950_0.out|3484021_0.out
trunk_u1b_lr1e-3_wd0.8,trunk,u1b,dclm-1b-train,948473071,2048,16,8192,1e-3,0.8,,2480,2290,0.633,600309760,0,3.855,,3482950_0.out|3484021_0.out
trunk_u1b_lr1e-3_wd0.8,trunk,u1b,dclm-1b-train,948473071,2048,16,8192,1e-3,0.8,,2480,2380,0.658,623902720,0,3.855,,3482950_0.out|3484021_0.out
trunk_u1b_lr1e-3_wd0.8,trunk,u1b,dclm-1b-train,948473071,2048,16,8192,1e-3,0.8,,2480,2479,0.685,649854976,0,3.826,,3482950_0.out|3484021_0.out
trunk_u1b_lr1e-3_wd0.8,trunk,u1b,dclm-1b-train,948473071,2048,16,8192,1e-3,0.8,,2480,2480,0.685,650117120,0,3.826,,3482950_0.out|3484021_0.out
trunk_u1bmoe_lr1e-3_wd0.8,trunk,u1bmoe,dclm-1b-train,948473071,2048,16,,1e-3,0.8,,2480,13,0.004,3407872,0,11.9,,3482951_0.out|3484025_0.out
trunk_u1bmoe_lr1e-3_wd0.8,trunk,u1bmoe,dclm-1b-train,948473071,2048,16,,1e-3,0.8,,2480,20,0.006,5242880,0,11.9,,3482951_0.out|3484025_0.out
trunk_u1bmoe_lr1e-3_wd0.8,trunk,u1bmoe,dclm-1b-train,948473071,2048,16,,1e-3,0.8,,2480,70,0.019,18350080,0,11.9,,3482951_0.out|3484025_0.out
trunk_u1bmoe_lr1e-3_wd0.8,trunk,u1bmoe,dclm-1b-train,948473071,2048,16,,1e-3,0.8,,2480,82,0.023,21495808,0,11.9,,3482951_0.out|3484025_0.out
trunk_u1bmoe_lr1e-3_wd0.8,trunk,u1bmoe,dclm-1b-train,948473071,2048,16,,1e-3,0.8,,2480,148,0.041,38797312,0,11.9,,3482951_0.out|3484025_0.out
trunk_u1bmoe_lr1e-3_wd0.8,trunk,u1bmoe,dclm-1b-train,948473071,2048,16,,1e-3,0.8,,2480,167,0.046,43778048,0,11.9,,3482951_0.out|3484025_0.out
trunk_u1bmoe_lr1e-3_wd0.8,trunk,u1bmoe,dclm-1b-train,948473071,2048,16,,1e-3,0.8,,2480,248,0.069,65011712,0,5.674,,3482951_0.out|3484025_0.out
trunk_u1bmoe_lr1e-3_wd0.8,trunk,u1bmoe,dclm-1b-train,948473071,2048,16,,1e-3,0.8,,2480,312,0.086,81788928,0,5.51,,3482951_0.out|3484025_0.out
trunk_u1bmoe_lr1e-3_wd0.8,trunk,u1bmoe,dclm-1b-train,948473071,2048,16,,1e-3,0.8,,2480,362,0.1,94896128,0,5.265,,3482951_0.out|3484025_0.out
trunk_u1bmoe_lr1e-3_wd0.8,trunk,u1bmoe,dclm-1b-train,948473071,2048,16,,1e-3,0.8,,2480,407,0.112,106692608,0,11.9,,3482951_0.out|3484025_0.out
trunk_u1bmoe_lr1e-3_wd0.8,trunk,u1bmoe,dclm-1b-train,948473071,2048,16,,1e-3,0.8,,2480,471,0.13,123469824,0,11.9,,3482951_0.out|3484025_0.out
trunk_u1bmoe_lr1e-3_wd0.8,trunk,u1bmoe,dclm-1b-train,948473071,2048,16,,1e-3,0.8,,2480,494,0.137,129499136,0,5.003,,3482951_0.out|3484025_0.out
trunk_u1bmoe_lr1e-3_wd0.8,trunk,u1bmoe,dclm-1b-train,948473071,2048,16,,1e-3,0.8,,2480,496,0.137,130023424,0,4.874,,3482951_0.out|3484025_0.out
trunk_u1bmoe_lr1e-3_wd0.8,trunk,u1bmoe,dclm-1b-train,948473071,2048,16,,1e-3,0.8,,2480,558,0.154,146276352,0,4.741,,3482951_0.out|3484025_0.out
trunk_u1bmoe_lr1e-3_wd0.8,trunk,u1bmoe,dclm-1b-train,948473071,2048,16,,1e-3,0.8,,2480,566,0.156,148373504,0,4.741,,3482951_0.out|3484025_0.out
trunk_u1bmoe_lr1e-3_wd0.8,trunk,u1bmoe,dclm-1b-train,948473071,2048,16,,1e-3,0.8,,2480,594,0.164,155713536,0,4.741,,3482951_0.out|3484025_0.out
trunk_u1bmoe_lr1e-3_wd0.8,trunk,u1bmoe,dclm-1b-train,948473071,2048,16,,1e-3,0.8,,2480,650,0.18,170393600,0,4.555,,3482951_0.out|3484025_0.out
trunk_u1bmoe_lr1e-3_wd0.8,trunk,u1bmoe,dclm-1b-train,948473071,2048,16,,1e-3,0.8,,2480,694,0.192,181927936,0,4.555,,3482951_0.out|3484025_0.out
trunk_u1bmoe_lr1e-3_wd0.8,trunk,u1bmoe,dclm-1b-train,948473071,2048,16,,1e-3,0.8,,2480,744,0.206,195035136,0,4.436,,3482951_0.out|3484025_0.out
trunk_u1bmoe_lr1e-3_wd0.8,trunk,u1bmoe,dclm-1b-train,948473071,2048,16,,1e-3,0.8,,2480,871,0.241,228327424,0,4.337,,3482951_0.out|3484025_0.out
trunk_u1bmoe_lr1e-3_wd0.8,trunk,u1bmoe,dclm-1b-train,948473071,2048,16,,1e-3,0.8,,2480,992,0.274,260046848,0,4.214,,3482951_0.out|3484025_0.out
trunk_u1bmoe_lr1e-3_wd0.8,trunk,u1bmoe,dclm-1b-train,948473071,2048,16,,1e-3,0.8,,2480,1157,0.32,303300608,0,4.118,,3482951_0.out|3484025_0.out
trunk_u1bmoe_lr1e-3_wd0.8,trunk,u1bmoe,dclm-1b-train,948473071,2048,16,,1e-3,0.8,,2480,1217,0.336,319029248,0,4.09,,3482951_0.out|3484025_0.out
trunk_u1bmoe_lr1e-3_wd0.8,trunk,u1bmoe,dclm-1b-train,948473071,2048,16,,1e-3,0.8,,2480,1239,0.342,324796416,0,4.072,,3482951_0.out|3484025_0.out
trunk_u1bmoe_lr1e-3_wd0.8,trunk,u1bmoe,dclm-1b-train,948473071,2048,16,,1e-3,0.8,,2480,1324,0.366,347078656,0,4.046,,3482951_0.out|3484025_0.out
trunk_u1bmoe_lr1e-3_wd0.8,trunk,u1bmoe,dclm-1b-train,948473071,2048,16,,1e-3,0.8,,2480,1325,0.366,347340800,0,4.046,,3482951_0.out|3484025_0.out
trunk_u1bmoe_lr1e-3_wd0.8,trunk,u1bmoe,dclm-1b-train,948473071,2048,16,,1e-3,0.8,,2480,1332,0.368,349175808,0,4.046,,3482951_0.out|3484025_0.out
trunk_u1bmoe_lr1e-3_wd0.8,trunk,u1bmoe,dclm-1b-train,948473071,2048,16,,1e-3,0.8,,2480,1468,0.406,384827392,0,3.997,,3482951_0.out|3484025_0.out
trunk_u1bmoe_lr1e-3_wd0.8,trunk,u1bmoe,dclm-1b-train,948473071,2048,16,,1e-3,0.8,,2480,1488,0.411,390070272,0,3.979,,3482951_0.out|3484025_0.out
trunk_u1bmoe_lr1e-3_wd0.8,trunk,u1bmoe,dclm-1b-train,948473071,2048,16,,1e-3,0.8,,2480,1664,0.46,436207616,0,3.942,,3482951_0.out|3484025_0.out
trunk_u1bmoe_lr1e-3_wd0.8,trunk,u1bmoe,dclm-1b-train,948473071,2048,16,,1e-3,0.8,,2480,1694,0.468,444071936,0,3.942,,3482951_0.out|3484025_0.out
trunk_u1bmoe_lr1e-3_wd0.8,trunk,u1bmoe,dclm-1b-train,948473071,2048,16,,1e-3,0.8,,2480,1736,0.48,455081984,0,3.921,,3482951_0.out|3484025_0.out
trunk_u1bmoe_lr1e-3_wd0.8,trunk,u1bmoe,dclm-1b-train,948473071,2048,16,,1e-3,0.8,,2480,1984,0.548,520093696,0,3.866,,3482951_0.out|3484025_0.out
trunk_u1bmoe_lr1e-3_wd0.8,trunk,u1bmoe,dclm-1b-train,948473071,2048,16,,1e-3,0.8,,2480,2232,0.617,585105408,0,3.836,,3482951_0.out|3484025_0.out
trunk_u1bmoe_lr1e-3_wd0.8,trunk,u1bmoe,dclm-1b-train,948473071,2048,16,,1e-3,0.8,,2480,2479,0.685,649854976,0,3.784,,3482951_0.out|3484025_0.out
trunk_u1bmoe_lr1e-3_wd0.8,trunk,u1bmoe,dclm-1b-train,948473071,2048,16,,1e-3,0.8,,2480,2480,0.685,650117120,0,3.784,,3482951_0.out|3484025_0.out
trunk_u1bmoes2_lr1e-3_wd0.8,trunk,u1bmoes2,dclm-1b-train,948473071,2048,16,,1e-3,0.8,,2480,92,0.025,24117248,0,7.482,,3491166_0.out
trunk_u1bmoes2_lr1e-3_wd0.8,trunk,u1bmoes2,dclm-1b-train,948473071,2048,16,,1e-3,0.8,,2480,156,0.043,40894464,0,6.247,,3491166_0.out
trunk_u1bmoes2_lr1e-3_wd0.8,trunk,u1bmoes2,dclm-1b-train,948473071,2048,16,,1e-3,0.8,,2480,230,0.064,60293120,0,5.959,,3491166_0.out
trunk_u1bmoes2_lr1e-3_wd0.8,trunk,u1bmoes2,dclm-1b-train,948473071,2048,16,,1e-3,0.8,,2480,248,0.069,65011712,0,5.727,,3491166_0.out
trunk_u1bmoes2_lr1e-3_wd0.8,trunk,u1bmoes2,dclm-1b-train,948473071,2048,16,,1e-3,0.8,,2480,496,0.137,130023424,0,4.91,,3491166_0.out
trunk_u1bmoes2_lr1e-3_wd0.8,trunk,u1bmoes2,dclm-1b-train,948473071,2048,16,,1e-3,0.8,,2480,513,0.142,134479872,0,4.89,,3491166_0.out
trunk_u1bmoes2_lr1e-3_wd0.8,trunk,u1bmoes2,dclm-1b-train,948473071,2048,16,,1e-3,0.8,,2480,550,0.152,144179200,0,4.89,,3491166_0.out
trunk_u1bmoes2_lr1e-3_wd0.8,trunk,u1bmoes2,dclm-1b-train,948473071,2048,16,,1e-3,0.8,,2480,596,0.165,156237824,0,4.791,,3491166_0.out
trunk_u1bmoes2_lr1e-3_wd0.8,trunk,u1bmoes2,dclm-1b-train,948473071,2048,16,,1e-3,0.8,,2480,613,0.169,160694272,0,4.664,,3491166_0.out
trunk_u1bmoes2_lr1e-3_wd0.8,trunk,u1bmoes2,dclm-1b-train,948473071,2048,16,,1e-3,0.8,,2480,664,0.184,174063616,0,4.589,,3491166_0.out
trunk_u1bmoes2_lr1e-3_wd0.8,trunk,u1bmoes2,dclm-1b-train,948473071,2048,16,,1e-3,0.8,,2480,744,0.206,195035136,0,4.467,,3491166_0.out
trunk_u1bmoes2_lr1e-3_wd0.8,trunk,u1bmoes2,dclm-1b-train,948473071,2048,16,,1e-3,0.8,,2480,802,0.222,210239488,0,4.39,,3491166_0.out
trunk_u1bmoes2_lr1e-3_wd0.8,trunk,u1bmoes2,dclm-1b-train,948473071,2048,16,,1e-3,0.8,,2480,832,0.23,218103808,0,4.39,,3491166_0.out
trunk_u1bmoes2_lr1e-3_wd0.8,trunk,u1bmoes2,dclm-1b-train,948473071,2048,16,,1e-3,0.8,,2480,964,0.266,252706816,0,4.265,,3491166_0.out
trunk_u1bmoes2_lr1e-3_wd0.8,trunk,u1bmoes2,dclm-1b-train,948473071,2048,16,,1e-3,0.8,,2480,992,0.274,260046848,0,4.241,,3491166_0.out
trunk_u1bmoes2_lr1e-3_wd0.8,trunk,u1bmoes2,dclm-1b-train,948473071,2048,16,,1e-3,0.8,,2480,1225,0.339,321126400,0,4.128,,3491166_0.out
trunk_u1bmoes2_lr1e-3_wd0.8,trunk,u1bmoes2,dclm-1b-train,948473071,2048,16,,1e-3,0.8,,2480,1239,0.342,324796416,0,4.106,,3491166_0.out
trunk_u1bmoes2_lr1e-3_wd0.8,trunk,u1bmoes2,dclm-1b-train,948473071,2048,16,,1e-3,0.8,,2480,1410,0.39,369623040,0,4.054,,3491166_0.out
trunk_u1bmoes2_lr1e-3_wd0.8,trunk,u1bmoes2,dclm-1b-train,948473071,2048,16,,1e-3,0.8,,2480,1488,0.411,390070272,0,4.022,,3491166_0.out
trunk_u1bmoes2_lr1e-3_wd0.8,trunk,u1bmoes2,dclm-1b-train,948473071,2048,16,,1e-3,0.8,,2480,1736,0.48,455081984,0,3.954,,3491166_0.out
trunk_u1bmoes2_lr1e-3_wd0.8,trunk,u1bmoes2,dclm-1b-train,948473071,2048,16,,1e-3,0.8,,2480,1920,0.531,503316480,0,3.91,,3491166_0.out
trunk_u1bmoes2_lr1e-3_wd0.8,trunk,u1bmoes2,dclm-1b-train,948473071,2048,16,,1e-3,0.8,,2480,1984,0.548,520093696,0,3.899,,3491166_0.out
trunk_u1bmoes2_lr1e-3_wd0.8,trunk,u1bmoes2,dclm-1b-train,948473071,2048,16,,1e-3,0.8,,2480,2232,0.617,585105408,0,3.848,,3491166_0.out
trunk_u1bmoes2_lr1e-3_wd0.8,trunk,u1bmoes2,dclm-1b-train,948473071,2048,16,,1e-3,0.8,,2480,2479,0.685,649854976,0,3.817,,3491166_0.out
trunk_u1bmoes2_lr1e-3_wd0.8,trunk,u1bmoes2,dclm-1b-train,948473071,2048,16,,1e-3,0.8,,2480,2480,0.685,650117120,0,3.817,,3491166_0.out
trunk_u1bmoes3_lr1e-3_wd0.8,trunk,u1bmoes3,dclm-1b-train,948473071,2048,16,,1e-3,0.8,,2480,4,0.001,1048576,0,11.9,,3491169_0.out
trunk_u1bmoes3_lr1e-3_wd0.8,trunk,u1bmoes3,dclm-1b-train,948473071,2048,16,,1e-3,0.8,,2480,29,0.008,7602176,0,11.9,,3491169_0.out
trunk_u1bmoes3_lr1e-3_wd0.8,trunk,u1bmoes3,dclm-1b-train,948473071,2048,16,,1e-3,0.8,,2480,248,0.069,65011712,0,5.716,,3491169_0.out
trunk_u1bmoes3_lr1e-3_wd0.8,trunk,u1bmoes3,dclm-1b-train,948473071,2048,16,,1e-3,0.8,,2480,496,0.137,130023424,0,4.895,,3491169_0.out
trunk_u1bmoes3_lr1e-3_wd0.8,trunk,u1bmoes3,dclm-1b-train,948473071,2048,16,,1e-3,0.8,,2480,708,0.196,185597952,0,4.49,,3491169_0.out
trunk_u1bmoes3_lr1e-3_wd0.8,trunk,u1bmoes3,dclm-1b-train,948473071,2048,16,,1e-3,0.8,,2480,744,0.206,195035136,0,4.437,,3491169_0.out
trunk_u1bmoes3_lr1e-3_wd0.8,trunk,u1bmoes3,dclm-1b-train,948473071,2048,16,,1e-3,0.8,,2480,992,0.274,260046848,0,4.21,,3491169_0.out
trunk_u1bmoes3_lr1e-3_wd0.8,trunk,u1bmoes3,dclm-1b-train,948473071,2048,16,,1e-3,0.8,,2480,1239,0.342,324796416,0,4.086,,3491169_0.out
trunk_u1bmoes3_lr1e-3_wd0.8,trunk,u1bmoes3,dclm-1b-train,948473071,2048,16,,1e-3,0.8,,2480,1357,0.375,355729408,0,4.044,,3491169_0.out
trunk_u1bmoes3_lr1e-3_wd0.8,trunk,u1bmoes3,dclm-1b-train,948473071,2048,16,,1e-3,0.8,,2480,1416,0.391,371195904,0,4.02,,3491169_0.out
trunk_u1bmoes3_lr1e-3_wd0.8,trunk,u1bmoes3,dclm-1b-train,948473071,2048,16,,1e-3,0.8,,2480,1488,0.411,390070272,0,3.991,,3491169_0.out
trunk_u1bmoes3_lr1e-3_wd0.8,trunk,u1bmoes3,dclm-1b-train,948473071,2048,16,,1e-3,0.8,,2480,1561,0.431,409206784,0,3.985,,3491169_0.out
trunk_u1bmoes3_lr1e-3_wd0.8,trunk,u1bmoes3,dclm-1b-train,948473071,2048,16,,1e-3,0.8,,2480,1736,0.48,455081984,0,3.932,,3491169_0.out
trunk_u1bmoes3_lr1e-3_wd0.8,trunk,u1bmoes3,dclm-1b-train,948473071,2048,16,,1e-3,0.8,,2480,1794,0.496,470286336,0,3.932,,3491169_0.out
trunk_u1bmoes3_lr1e-3_wd0.8,trunk,u1bmoes3,dclm-1b-train,948473071,2048,16,,1e-3,0.8,,2480,1981,0.548,519307264,0,3.881,,3491169_0.out
trunk_u1bmoes3_lr1e-3_wd0.8,trunk,u1bmoes3,dclm-1b-train,948473071,2048,16,,1e-3,0.8,,2480,1984,0.548,520093696,0,3.872,,3491169_0.out
trunk_u1bmoes3_lr1e-3_wd0.8,trunk,u1bmoes3,dclm-1b-train,948473071,2048,16,,1e-3,0.8,,2480,2232,0.617,585105408,0,3.827,,3491169_0.out
trunk_u1bmoes3_lr1e-3_wd0.8,trunk,u1bmoes3,dclm-1b-train,948473071,2048,16,,1e-3,0.8,,2480,2479,0.685,649854976,0,3.8,,3491169_0.out
trunk_u1bmoes3_lr1e-3_wd0.8,trunk,u1bmoes3,dclm-1b-train,948473071,2048,16,,1e-3,0.8,,2480,2480,0.685,650117120,0,3.8,,3491169_0.out
trunk_u1bs2_lr1e-3_wd0.8,trunk,u1bs2,dclm-1b-train,948473071,2048,16,8192,1e-3,0.8,,2480,248,0.069,65011712,0,5.647,,3488398_0.out
trunk_u1bs2_lr1e-3_wd0.8,trunk,u1bs2,dclm-1b-train,948473071,2048,16,8192,1e-3,0.8,,2480,496,0.137,130023424,0,4.913,,3488398_0.out
trunk_u1bs2_lr1e-3_wd0.8,trunk,u1bs2,dclm-1b-train,948473071,2048,16,8192,1e-3,0.8,,2480,744,0.206,195035136,0,4.46,,3488398_0.out
trunk_u1bs2_lr1e-3_wd0.8,trunk,u1bs2,dclm-1b-train,948473071,2048,16,8192,1e-3,0.8,,2480,992,0.274,260046848,0,4.221,,3488398_0.out
trunk_u1bs2_lr1e-3_wd0.8,trunk,u1bs2,dclm-1b-train,948473071,2048,16,8192,1e-3,0.8,,2480,1239,0.342,324796416,0,4.081,,3488398_0.out
trunk_u1bs2_lr1e-3_wd0.8,trunk,u1bs2,dclm-1b-train,948473071,2048,16,8192,1e-3,0.8,,2480,1488,0.411,390070272,0,3.991,,3488398_0.out
trunk_u1bs2_lr1e-3_wd0.8,trunk,u1bs2,dclm-1b-train,948473071,2048,16,8192,1e-3,0.8,,2480,1709,0.472,448004096,0,3.952,,3488398_0.out
trunk_u1bs2_lr1e-3_wd0.8,trunk,u1bs2,dclm-1b-train,948473071,2048,16,8192,1e-3,0.8,,2480,1736,0.48,455081984,0,3.926,,3488398_0.out
trunk_u1bs2_lr1e-3_wd0.8,trunk,u1bs2,dclm-1b-train,948473071,2048,16,8192,1e-3,0.8,,2480,1846,0.51,483917824,0,3.92,,3488398_0.out
trunk_u1bs2_lr1e-3_wd0.8,trunk,u1bs2,dclm-1b-train,948473071,2048,16,8192,1e-3,0.8,,2480,1984,0.548,520093696,0,3.88,,3488398_0.out
trunk_u1bs2_lr1e-3_wd0.8,trunk,u1bs2,dclm-1b-train,948473071,2048,16,8192,1e-3,0.8,,2480,2232,0.617,585105408,0,3.833,,3488398_0.out
trunk_u1bs2_lr1e-3_wd0.8,trunk,u1bs2,dclm-1b-train,948473071,2048,16,8192,1e-3,0.8,,2480,2479,0.685,649854976,0,3.797,,3488398_0.out
trunk_u1bs2_lr1e-3_wd0.8,trunk,u1bs2,dclm-1b-train,948473071,2048,16,8192,1e-3,0.8,,2480,2480,0.685,650117120,0,3.797,,3488398_0.out
trunk_u1bs3_lr1e-3_wd0.8,trunk,u1bs3,dclm-1b-train,948473071,2048,16,8192,1e-3,0.8,,2480,248,0.069,65011712,0,5.637,,3491165_0.out
trunk_u1bs3_lr1e-3_wd0.8,trunk,u1bs3,dclm-1b-train,948473071,2048,16,8192,1e-3,0.8,,2480,468,0.129,122683392,0,4.984,,3491165_0.out
trunk_u1bs3_lr1e-3_wd0.8,trunk,u1bs3,dclm-1b-train,948473071,2048,16,8192,1e-3,0.8,,2480,477,0.132,125042688,0,4.984,,3491165_0.out
trunk_u1bs3_lr1e-3_wd0.8,trunk,u1bs3,dclm-1b-train,948473071,2048,16,8192,1e-3,0.8,,2480,496,0.137,130023424,0,4.897,,3491165_0.out
trunk_u1bs3_lr1e-3_wd0.8,trunk,u1bs3,dclm-1b-train,948473071,2048,16,8192,1e-3,0.8,,2480,523,0.145,137101312,0,4.984,,3491165_0.out
trunk_u1bs3_lr1e-3_wd0.8,trunk,u1bs3,dclm-1b-train,948473071,2048,16,8192,1e-3,0.8,,2480,550,0.152,144179200,0,4.984,,3491165_0.out
trunk_u1bs3_lr1e-3_wd0.8,trunk,u1bs3,dclm-1b-train,948473071,2048,16,8192,1e-3,0.8,,2480,616,0.17,161480704,0,4.681,,3491165_0.out
trunk_u1bs3_lr1e-3_wd0.8,trunk,u1bs3,dclm-1b-train,948473071,2048,16,8192,1e-3,0.8,,2480,617,0.171,161742848,0,4.681,,3491165_0.out
trunk_u1bs3_lr1e-3_wd0.8,trunk,u1bs3,dclm-1b-train,948473071,2048,16,8192,1e-3,0.8,,2480,660,0.182,173015040,0,4.681,,3491165_0.out
trunk_u1bs3_lr1e-3_wd0.8,trunk,u1bs3,dclm-1b-train,948473071,2048,16,8192,1e-3,0.8,,2480,744,0.206,195035136,0,4.435,,3491165_0.out
trunk_u1bs3_lr1e-3_wd0.8,trunk,u1bs3,dclm-1b-train,948473071,2048,16,8192,1e-3,0.8,,2480,780,0.216,204472320,0,4.426,,3491165_0.out
trunk_u1bs3_lr1e-3_wd0.8,trunk,u1bs3,dclm-1b-train,948473071,2048,16,8192,1e-3,0.8,,2480,992,0.274,260046848,0,4.214,,3491165_0.out
trunk_u1bs3_lr1e-3_wd0.8,trunk,u1bs3,dclm-1b-train,948473071,2048,16,8192,1e-3,0.8,,2480,1208,0.334,316669952,0,4.108,,3491165_0.out
trunk_u1bs3_lr1e-3_wd0.8,trunk,u1bs3,dclm-1b-train,948473071,2048,16,8192,1e-3,0.8,,2480,1239,0.342,324796416,0,4.09,,3491165_0.out
trunk_u1bs3_lr1e-3_wd0.8,trunk,u1bs3,dclm-1b-train,948473071,2048,16,8192,1e-3,0.8,,2480,1488,0.411,390070272,0,3.992,,3491165_0.out
trunk_u1bs3_lr1e-3_wd0.8,trunk,u1bs3,dclm-1b-train,948473071,2048,16,8192,1e-3,0.8,,2480,1499,0.414,392953856,0,4.038,,3491165_0.out
trunk_u1bs3_lr1e-3_wd0.8,trunk,u1bs3,dclm-1b-train,948473071,2048,16,8192,1e-3,0.8,,2480,1717,0.475,450101248,0,3.945,,3491165_0.out
trunk_u1bs3_lr1e-3_wd0.8,trunk,u1bs3,dclm-1b-train,948473071,2048,16,8192,1e-3,0.8,,2480,1736,0.48,455081984,0,3.93,,3491165_0.out
trunk_u1bs3_lr1e-3_wd0.8,trunk,u1bs3,dclm-1b-train,948473071,2048,16,8192,1e-3,0.8,,2480,1919,0.53,503054336,0,3.925,,3491165_0.out
trunk_u1bs3_lr1e-3_wd0.8,trunk,u1bs3,dclm-1b-train,948473071,2048,16,8192,1e-3,0.8,,2480,1982,0.548,519569408,0,3.88,,3491165_0.out
trunk_u1bs3_lr1e-3_wd0.8,trunk,u1bs3,dclm-1b-train,948473071,2048,16,8192,1e-3,0.8,,2480,1984,0.548,520093696,0,3.874,,3491165_0.out
trunk_u1bs3_lr1e-3_wd0.8,trunk,u1bs3,dclm-1b-train,948473071,2048,16,8192,1e-3,0.8,,2480,2232,0.617,585105408,0,3.828,,3491165_0.out
trunk_u1bs3_lr1e-3_wd0.8,trunk,u1bs3,dclm-1b-train,948473071,2048,16,8192,1e-3,0.8,,2480,2479,0.685,649854976,0,3.8,,3491165_0.out
trunk_u1bs3_lr1e-3_wd0.8,trunk,u1bs3,dclm-1b-train,948473071,2048,16,8192,1e-3,0.8,,2480,2480,0.685,650117120,0,3.8,,3491165_0.out
trunk_u30m_lr1e-3_wd0.8,trunk,u30m,dclm-30m-sub,30001113,2048,16,8192,1e-3,0.8,,1459,114,0.996,29884416,0,6.334,1.938,3473142_1.out
trunk_u30m_lr1e-3_wd0.8,trunk,u30m,dclm-30m-sub,30001113,2048,16,8192,1e-3,0.8,,1459,228,1.992,59768832,0,5.69,1.705,3473142_1.out
trunk_u30m_lr1e-3_wd0.8,trunk,u30m,dclm-30m-sub,30001113,2048,16,8192,1e-3,0.8,,1459,342,2.988,89653248,0,5.283,1.563,3473142_1.out
trunk_u30m_lr1e-3_wd0.8,trunk,u30m,dclm-30m-sub,30001113,2048,16,8192,1e-3,0.8,,1459,456,3.984,119537664,0,5.021,1.485,3473142_1.out
trunk_u30m_lr1e-3_wd0.8,trunk,u30m,dclm-30m-sub,30001113,2048,16,8192,1e-3,0.8,,1459,569,4.972,149159936,0,4.794,1.408,3473142_1.out
trunk_u30m_lr1e-3_wd0.8,trunk,u30m,dclm-30m-sub,30001113,2048,16,8192,1e-3,0.8,,1459,684,5.977,179306496,0,4.626,1.365,3473142_1.out
trunk_u30m_lr1e-3_wd0.8,trunk,u30m,dclm-30m-sub,30001113,2048,16,8192,1e-3,0.8,,1459,798,6.973,209190912,0,4.557,1.346,3473142_1.out
trunk_u30m_lr1e-3_wd0.8,trunk,u30m,dclm-30m-sub,30001113,2048,16,8192,1e-3,0.8,,1459,912,7.969,239075328,0,4.573,1.361,3473142_1.out
trunk_u30m_lr1e-3_wd0.8,trunk,u30m,dclm-30m-sub,30001113,2048,16,8192,1e-3,0.8,,1459,1026,8.965,268959744,0,4.638,1.383,3473142_1.out
trunk_u30m_lr1e-3_wd0.8,trunk,u30m,dclm-30m-sub,30001113,2048,16,8192,1e-3,0.8,,1459,1139,9.952,298582016,0,4.763,1.429,3473142_1.out
trunk_u30m_lr1e-3_wd0.8,trunk,u30m,dclm-30m-sub,30001113,2048,16,8192,1e-3,0.8,,1459,1254,10.957,328728576,0,4.947,1.486,3473142_1.out
trunk_u30m_lr1e-3_wd0.8,trunk,u30m,dclm-30m-sub,30001113,2048,16,8192,1e-3,0.8,,1459,1368,11.953,358612992,0,5.175,1.576,3473142_1.out
trunk_u30m_lr1e-3_wd0.8,trunk,u30m,dclm-30m-sub,30001113,2048,16,8192,1e-3,0.8,,1459,1459,12.748,382468096,0,5.465,,3473142_1.out
trunk_u30m20ep_lr1e-2_wd0.1,trunk,u30m20ep,dclm-30m-sub,30001113,2048,16,8192,1e-2,0.1,,1824,114,0.996,29884416,0,6.915,2.089,3474489_6.out
trunk_u30m20ep_lr1e-2_wd0.1,trunk,u30m20ep,dclm-30m-sub,30001113,2048,16,8192,1e-2,0.1,,1824,228,1.992,59768832,0,6.277,1.918,3474489_6.out
trunk_u30m20ep_lr1e-2_wd0.1,trunk,u30m20ep,dclm-30m-sub,30001113,2048,16,8192,1e-2,0.1,,1824,342,2.988,89653248,0,5.814,1.752,3474489_6.out
trunk_u30m20ep_lr1e-2_wd0.1,trunk,u30m20ep,dclm-30m-sub,30001113,2048,16,8192,1e-2,0.1,,1824,456,3.984,119537664,0,5.469,1.64,3474489_6.out
trunk_u30m20ep_lr1e-2_wd0.1,trunk,u30m20ep,dclm-30m-sub,30001113,2048,16,8192,1e-2,0.1,,1824,569,4.972,149159936,0,5.202,1.531,3474489_6.out
trunk_u30m20ep_lr1e-2_wd0.1,trunk,u30m20ep,dclm-30m-sub,30001113,2048,16,8192,1e-2,0.1,,1824,684,5.977,179306496,0,5.002,1.463,3474489_6.out
trunk_u30m20ep_lr1e-2_wd0.1,trunk,u30m20ep,dclm-30m-sub,30001113,2048,16,8192,1e-2,0.1,,1824,798,6.973,209190912,0,4.786,1.409,3474489_6.out
trunk_u30m20ep_lr1e-2_wd0.1,trunk,u30m20ep,dclm-30m-sub,30001113,2048,16,8192,1e-2,0.1,,1824,912,7.969,239075328,0,4.64,1.367,3474489_6.out
trunk_u30m20ep_lr1e-2_wd0.1,trunk,u30m20ep,dclm-30m-sub,30001113,2048,16,8192,1e-2,0.1,,1824,1026,8.965,268959744,0,4.592,1.338,3474489_6.out
trunk_u30m20ep_lr1e-2_wd0.1,trunk,u30m20ep,dclm-30m-sub,30001113,2048,16,8192,1e-2,0.1,,1824,1139,9.952,298582016,0,4.596,1.334,3474489_6.out
trunk_u30m20ep_lr1e-2_wd0.1,trunk,u30m20ep,dclm-30m-sub,30001113,2048,16,8192,1e-2,0.1,,1824,1254,10.957,328728576,0,4.67,1.349,3474489_6.out
trunk_u30m20ep_lr1e-2_wd0.1,trunk,u30m20ep,dclm-30m-sub,30001113,2048,16,8192,1e-2,0.1,,1824,1368,11.953,358612992,0,4.776,1.376,3474489_6.out
trunk_u30m20ep_lr1e-2_wd0.1,trunk,u30m20ep,dclm-30m-sub,30001113,2048,16,8192,1e-2,0.1,,1824,1482,12.949,388497408,0,4.935,1.416,3474489_6.out
trunk_u30m20ep_lr1e-2_wd0.1,trunk,u30m20ep,dclm-30m-sub,30001113,2048,16,8192,1e-2,0.1,,1824,1596,13.946,418381824,0,5.131,1.478,3474489_6.out
trunk_u30m20ep_lr1e-2_wd0.1,trunk,u30m20ep,dclm-30m-sub,30001113,2048,16,8192,1e-2,0.1,,1824,1709,14.933,448004096,0,5.332,1.538,3474489_6.out
trunk_u30m20ep_lr1e-2_wd0.1,trunk,u30m20ep,dclm-30m-sub,30001113,2048,16,8192,1e-2,0.1,,1824,1824,15.938,478150656,0,5.635,1.631,3474489_6.out
trunk_u30m20ep_lr1e-2_wd0.8,trunk,u30m20ep,dclm-30m-sub,30001113,2048,16,8192,1e-2,0.8,,1824,114,0.996,29884416,0,6.909,2.09,3474489_7.out
trunk_u30m20ep_lr1e-2_wd0.8,trunk,u30m20ep,dclm-30m-sub,30001113,2048,16,8192,1e-2,0.8,,1824,228,1.992,59768832,0,6.306,1.928,3474489_7.out
trunk_u30m20ep_lr1e-2_wd0.8,trunk,u30m20ep,dclm-30m-sub,30001113,2048,16,8192,1e-2,0.8,,1824,342,2.988,89653248,0,5.699,1.723,3474489_7.out
trunk_u30m20ep_lr1e-2_wd0.8,trunk,u30m20ep,dclm-30m-sub,30001113,2048,16,8192,1e-2,0.8,,1824,456,3.984,119537664,0,5.346,1.583,3474489_7.out
trunk_u30m20ep_lr1e-2_wd0.8,trunk,u30m20ep,dclm-30m-sub,30001113,2048,16,8192,1e-2,0.8,,1824,569,4.972,149159936,0,5.155,1.516,3474489_7.out
trunk_u30m20ep_lr1e-2_wd0.8,trunk,u30m20ep,dclm-30m-sub,30001113,2048,16,8192,1e-2,0.8,,1824,684,5.977,179306496,0,5.083,1.481,3474489_7.out
trunk_u30m20ep_lr1e-2_wd0.8,trunk,u30m20ep,dclm-30m-sub,30001113,2048,16,8192,1e-2,0.8,,1824,798,6.973,209190912,0,5.037,1.452,3474489_7.out
trunk_u30m20ep_lr1e-2_wd0.8,trunk,u30m20ep,dclm-30m-sub,30001113,2048,16,8192,1e-2,0.8,,1824,912,7.969,239075328,0,4.934,1.438,3474489_7.out
trunk_u30m20ep_lr1e-2_wd0.8,trunk,u30m20ep,dclm-30m-sub,30001113,2048,16,8192,1e-2,0.8,,1824,1026,8.965,268959744,0,5.072,1.48,3474489_7.out
trunk_u30m20ep_lr1e-2_wd0.8,trunk,u30m20ep,dclm-30m-sub,30001113,2048,16,8192,1e-2,0.8,,1824,1139,9.952,298582016,0,5.227,1.532,3474489_7.out
trunk_u30m20ep_lr1e-2_wd0.8,trunk,u30m20ep,dclm-30m-sub,30001113,2048,16,8192,1e-2,0.8,,1824,1254,10.957,328728576,0,4.952,1.435,3474489_7.out
trunk_u30m20ep_lr1e-2_wd0.8,trunk,u30m20ep,dclm-30m-sub,30001113,2048,16,8192,1e-2,0.8,,1824,1368,11.953,358612992,0,4.857,1.398,3474489_7.out
trunk_u30m20ep_lr1e-2_wd0.8,trunk,u30m20ep,dclm-30m-sub,30001113,2048,16,8192,1e-2,0.8,,1824,1482,12.949,388497408,0,4.831,1.411,3474489_7.out
trunk_u30m20ep_lr1e-2_wd0.8,trunk,u30m20ep,dclm-30m-sub,30001113,2048,16,8192,1e-2,0.8,,1824,1596,13.946,418381824,0,4.796,1.389,3474489_7.out
trunk_u30m20ep_lr1e-2_wd0.8,trunk,u30m20ep,dclm-30m-sub,30001113,2048,16,8192,1e-2,0.8,,1824,1709,14.933,448004096,0,4.861,1.405,3474489_7.out
trunk_u30m20ep_lr1e-2_wd0.8,trunk,u30m20ep,dclm-30m-sub,30001113,2048,16,8192,1e-2,0.8,,1824,1824,15.938,478150656,0,4.811,1.39,3474489_7.out
trunk_u30m20ep_lr1e-2_wd3.2,trunk,u30m20ep,dclm-30m-sub,30001113,2048,16,8192,1e-2,3.2,,1824,114,0.996,29884416,0,7.357,2.214,3474489_8.out
trunk_u30m20ep_lr1e-2_wd3.2,trunk,u30m20ep,dclm-30m-sub,30001113,2048,16,8192,1e-2,3.2,,1824,228,1.992,59768832,0,6.086,1.853,3474489_8.out
trunk_u30m20ep_lr1e-2_wd3.2,trunk,u30m20ep,dclm-30m-sub,30001113,2048,16,8192,1e-2,3.2,,1824,342,2.988,89653248,0,5.923,1.801,3474489_8.out
trunk_u30m20ep_lr1e-2_wd3.2,trunk,u30m20ep,dclm-30m-sub,30001113,2048,16,8192,1e-2,3.2,,1824,456,3.984,119537664,0,5.733,1.731,3474489_8.out
trunk_u30m20ep_lr1e-2_wd3.2,trunk,u30m20ep,dclm-30m-sub,30001113,2048,16,8192,1e-2,3.2,,1824,569,4.972,149159936,0,5.691,1.706,3474489_8.out
trunk_u30m20ep_lr1e-2_wd3.2,trunk,u30m20ep,dclm-30m-sub,30001113,2048,16,8192,1e-2,3.2,,1824,684,5.977,179306496,0,5.621,1.679,3474489_8.out
trunk_u30m20ep_lr1e-2_wd3.2,trunk,u30m20ep,dclm-30m-sub,30001113,2048,16,8192,1e-2,3.2,,1824,798,6.973,209190912,0,5.568,1.659,3474489_8.out
trunk_u30m20ep_lr1e-2_wd3.2,trunk,u30m20ep,dclm-30m-sub,30001113,2048,16,8192,1e-2,3.2,,1824,912,7.969,239075328,0,5.586,1.67,3474489_8.out
trunk_u30m20ep_lr1e-2_wd3.2,trunk,u30m20ep,dclm-30m-sub,30001113,2048,16,8192,1e-2,3.2,,1824,1026,8.965,268959744,0,5.66,1.704,3474489_8.out
trunk_u30m20ep_lr1e-2_wd3.2,trunk,u30m20ep,dclm-30m-sub,30001113,2048,16,8192,1e-2,3.2,,1824,1139,9.952,298582016,0,5.594,1.676,3474489_8.out
trunk_u30m20ep_lr1e-2_wd3.2,trunk,u30m20ep,dclm-30m-sub,30001113,2048,16,8192,1e-2,3.2,,1824,1254,10.957,328728576,0,5.617,1.673,3474489_8.out
trunk_u30m20ep_lr1e-2_wd3.2,trunk,u30m20ep,dclm-30m-sub,30001113,2048,16,8192,1e-2,3.2,,1824,1368,11.953,358612992,0,5.589,1.655,3474489_8.out
trunk_u30m20ep_lr1e-2_wd3.2,trunk,u30m20ep,dclm-30m-sub,30001113,2048,16,8192,1e-2,3.2,,1824,1482,12.949,388497408,0,5.531,1.646,3474489_8.out
trunk_u30m20ep_lr1e-2_wd3.2,trunk,u30m20ep,dclm-30m-sub,30001113,2048,16,8192,1e-2,3.2,,1824,1596,13.946,418381824,0,5.52,1.647,3474489_8.out
trunk_u30m20ep_lr1e-2_wd3.2,trunk,u30m20ep,dclm-30m-sub,30001113,2048,16,8192,1e-2,3.2,,1824,1709,14.933,448004096,0,5.507,1.638,3474489_8.out
trunk_u30m20ep_lr1e-2_wd3.2,trunk,u30m20ep,dclm-30m-sub,30001113,2048,16,8192,1e-2,3.2,,1824,1824,15.938,478150656,0,5.558,1.672,3474489_8.out
trunk_u30m20ep_lr1e-3_wd0.1,trunk,u30m20ep,dclm-30m-sub,30001113,2048,16,8192,1e-3,0.1,,1824,114,0.996,29884416,0,6.398,1.953,3474489_0.out
trunk_u30m20ep_lr1e-3_wd0.1,trunk,u30m20ep,dclm-30m-sub,30001113,2048,16,8192,1e-3,0.1,,1824,228,1.992,59768832,0,5.728,1.728,3474489_0.out
trunk_u30m20ep_lr1e-3_wd0.1,trunk,u30m20ep,dclm-30m-sub,30001113,2048,16,8192,1e-3,0.1,,1824,342,2.988,89653248,0,5.3,1.575,3474489_0.out
trunk_u30m20ep_lr1e-3_wd0.1,trunk,u30m20ep,dclm-30m-sub,30001113,2048,16,8192,1e-3,0.1,,1824,456,3.984,119537664,0,5.014,1.471,3474489_0.out
trunk_u30m20ep_lr1e-3_wd0.1,trunk,u30m20ep,dclm-30m-sub,30001113,2048,16,8192,1e-3,0.1,,1824,569,4.972,149159936,0,4.777,1.409,3474489_0.out
trunk_u30m20ep_lr1e-3_wd0.1,trunk,u30m20ep,dclm-30m-sub,30001113,2048,16,8192,1e-3,0.1,,1824,684,5.977,179306496,0,4.648,1.372,3474489_0.out
trunk_u30m20ep_lr1e-3_wd0.1,trunk,u30m20ep,dclm-30m-sub,30001113,2048,16,8192,1e-3,0.1,,1824,798,6.973,209190912,0,4.635,1.371,3474489_0.out
trunk_u30m20ep_lr1e-3_wd0.1,trunk,u30m20ep,dclm-30m-sub,30001113,2048,16,8192,1e-3,0.1,,1824,912,7.969,239075328,0,4.743,1.413,3474489_0.out
trunk_u30m20ep_lr1e-3_wd0.1,trunk,u30m20ep,dclm-30m-sub,30001113,2048,16,8192,1e-3,0.1,,1824,1026,8.965,268959744,0,4.976,1.493,3474489_0.out
trunk_u30m20ep_lr1e-3_wd0.1,trunk,u30m20ep,dclm-30m-sub,30001113,2048,16,8192,1e-3,0.1,,1824,1139,9.952,298582016,0,5.328,1.608,3474489_0.out
trunk_u30m20ep_lr1e-3_wd0.1,trunk,u30m20ep,dclm-30m-sub,30001113,2048,16,8192,1e-3,0.1,,1824,1254,10.957,328728576,0,5.804,1.769,3474489_0.out
trunk_u30m20ep_lr1e-3_wd0.1,trunk,u30m20ep,dclm-30m-sub,30001113,2048,16,8192,1e-3,0.1,,1824,1368,11.953,358612992,0,6.377,1.962,3474489_0.out
trunk_u30m20ep_lr1e-3_wd0.1,trunk,u30m20ep,dclm-30m-sub,30001113,2048,16,8192,1e-3,0.1,,1824,1467,12.818,384565248,0,6.955,,3474489_0.out
trunk_u30m20ep_lr1e-3_wd0.1,trunk,u30m20ep,dclm-30m-sub,30001113,2048,16,8192,1e-3,0.1,,1824,1482,12.949,388497408,0,6.932,2.14,3474489_0.out
trunk_u30m20ep_lr1e-3_wd0.1,trunk,u30m20ep,dclm-30m-sub,30001113,2048,16,8192,1e-3,0.1,,1824,1596,13.946,418381824,0,7.465,2.305,3474489_0.out
trunk_u30m20ep_lr1e-3_wd0.1,trunk,u30m20ep,dclm-30m-sub,30001113,2048,16,8192,1e-3,0.1,,1824,1709,14.933,448004096,0,7.929,2.45,3474489_0.out
trunk_u30m20ep_lr1e-3_wd0.1,trunk,u30m20ep,dclm-30m-sub,30001113,2048,16,8192,1e-3,0.1,,1824,1824,15.938,478150656,0,8.306,2.573,3474489_0.out
trunk_u30m20ep_lr1e-3_wd0.8,trunk,u30m20ep,dclm-30m-sub,30001113,2048,16,8192,1e-3,0.8,,1824,114,0.996,29884416,0,6.4,1.945,3474489_1.out
trunk_u30m20ep_lr1e-3_wd0.8,trunk,u30m20ep,dclm-30m-sub,30001113,2048,16,8192,1e-3,0.8,,1824,228,1.992,59768832,0,5.753,1.727,3474489_1.out
trunk_u30m20ep_lr1e-3_wd0.8,trunk,u30m20ep,dclm-30m-sub,30001113,2048,16,8192,1e-3,0.8,,1824,342,2.988,89653248,0,5.311,1.574,3474489_1.out
trunk_u30m20ep_lr1e-3_wd0.8,trunk,u30m20ep,dclm-30m-sub,30001113,2048,16,8192,1e-3,0.8,,1824,456,3.984,119537664,0,5.041,1.483,3474489_1.out
trunk_u30m20ep_lr1e-3_wd0.8,trunk,u30m20ep,dclm-30m-sub,30001113,2048,16,8192,1e-3,0.8,,1824,569,4.972,149159936,0,4.825,1.415,3474489_1.out
trunk_u30m20ep_lr1e-3_wd0.8,trunk,u30m20ep,dclm-30m-sub,30001113,2048,16,8192,1e-3,0.8,,1824,684,5.977,179306496,0,4.643,1.363,3474489_1.out
trunk_u30m20ep_lr1e-3_wd0.8,trunk,u30m20ep,dclm-30m-sub,30001113,2048,16,8192,1e-3,0.8,,1824,798,6.973,209190912,0,4.558,1.34,3474489_1.out
trunk_u30m20ep_lr1e-3_wd0.8,trunk,u30m20ep,dclm-30m-sub,30001113,2048,16,8192,1e-3,0.8,,1824,912,7.969,239075328,0,4.547,1.348,3474489_1.out
trunk_u30m20ep_lr1e-3_wd0.8,trunk,u30m20ep,dclm-30m-sub,30001113,2048,16,8192,1e-3,0.8,,1824,1026,8.965,268959744,0,4.584,1.356,3474489_1.out
trunk_u30m20ep_lr1e-3_wd0.8,trunk,u30m20ep,dclm-30m-sub,30001113,2048,16,8192,1e-3,0.8,,1824,1139,9.952,298582016,0,4.692,1.393,3474489_1.out
trunk_u30m20ep_lr1e-3_wd0.8,trunk,u30m20ep,dclm-30m-sub,30001113,2048,16,8192,1e-3,0.8,,1824,1254,10.957,328728576,0,4.842,1.45,3474489_1.out
trunk_u30m20ep_lr1e-3_wd0.8,trunk,u30m20ep,dclm-30m-sub,30001113,2048,16,8192,1e-3,0.8,,1824,1368,11.953,358612992,0,5.054,1.528,3474489_1.out
trunk_u30m20ep_lr1e-3_wd0.8,trunk,u30m20ep,dclm-30m-sub,30001113,2048,16,8192,1e-3,0.8,,1824,1482,12.949,388497408,0,5.279,1.603,3474489_1.out
trunk_u30m20ep_lr1e-3_wd0.8,trunk,u30m20ep,dclm-30m-sub,30001113,2048,16,8192,1e-3,0.8,,1824,1596,13.946,418381824,0,5.538,1.695,3474489_1.out
trunk_u30m20ep_lr1e-3_wd0.8,trunk,u30m20ep,dclm-30m-sub,30001113,2048,16,8192,1e-3,0.8,,1824,1709,14.933,448004096,0,5.779,1.778,3474489_1.out
trunk_u30m20ep_lr1e-3_wd0.8,trunk,u30m20ep,dclm-30m-sub,30001113,2048,16,8192,1e-3,0.8,,1824,1824,15.938,478150656,0,6.018,1.859,3474489_1.out
trunk_u30m20ep_lr1e-3_wd3.2,trunk,u30m20ep,dclm-30m-sub,30001113,2048,16,8192,1e-3,3.2,,1824,114,0.996,29884416,0,6.374,1.941,3474489_2.out
trunk_u30m20ep_lr1e-3_wd3.2,trunk,u30m20ep,dclm-30m-sub,30001113,2048,16,8192,1e-3,3.2,,1824,228,1.992,59768832,0,5.835,1.749,3474489_2.out
trunk_u30m20ep_lr1e-3_wd3.2,trunk,u30m20ep,dclm-30m-sub,30001113,2048,16,8192,1e-3,3.2,,1824,342,2.988,89653248,0,5.476,1.63,3474489_2.out
trunk_u30m20ep_lr1e-3_wd3.2,trunk,u30m20ep,dclm-30m-sub,30001113,2048,16,8192,1e-3,3.2,,1824,456,3.984,119537664,0,5.375,1.591,3474489_2.out
trunk_u30m20ep_lr1e-3_wd3.2,trunk,u30m20ep,dclm-30m-sub,30001113,2048,16,8192,1e-3,3.2,,1824,569,4.972,149159936,0,5.196,1.53,3474489_2.out
trunk_u30m20ep_lr1e-3_wd3.2,trunk,u30m20ep,dclm-30m-sub,30001113,2048,16,8192,1e-3,3.2,,1824,684,5.977,179306496,0,5.131,1.514,3474489_2.out
trunk_u30m20ep_lr1e-3_wd3.2,trunk,u30m20ep,dclm-30m-sub,30001113,2048,16,8192,1e-3,3.2,,1824,798,6.973,209190912,0,5.057,1.481,3474489_2.out
trunk_u30m20ep_lr1e-3_wd3.2,trunk,u30m20ep,dclm-30m-sub,30001113,2048,16,8192,1e-3,3.2,,1824,912,7.969,239075328,0,5.008,1.462,3474489_2.out
trunk_u30m20ep_lr1e-3_wd3.2,trunk,u30m20ep,dclm-30m-sub,30001113,2048,16,8192,1e-3,3.2,,1824,1026,8.965,268959744,0,4.95,1.44,3474489_2.out
trunk_u30m20ep_lr1e-3_wd3.2,trunk,u30m20ep,dclm-30m-sub,30001113,2048,16,8192,1e-3,3.2,,1824,1139,9.952,298582016,0,4.865,1.43,3474489_2.out
trunk_u30m20ep_lr1e-3_wd3.2,trunk,u30m20ep,dclm-30m-sub,30001113,2048,16,8192,1e-3,3.2,,1824,1254,10.957,328728576,0,4.808,1.408,3474489_2.out
trunk_u30m20ep_lr1e-3_wd3.2,trunk,u30m20ep,dclm-30m-sub,30001113,2048,16,8192,1e-3,3.2,,1824,1368,11.953,358612992,0,4.741,1.395,3474489_2.out
trunk_u30m20ep_lr1e-3_wd3.2,trunk,u30m20ep,dclm-30m-sub,30001113,2048,16,8192,1e-3,3.2,,1824,1482,12.949,388497408,0,4.702,1.39,3474489_2.out
trunk_u30m20ep_lr1e-3_wd3.2,trunk,u30m20ep,dclm-30m-sub,30001113,2048,16,8192,1e-3,3.2,,1824,1596,13.946,418381824,0,4.674,1.383,3474489_2.out
trunk_u30m20ep_lr1e-3_wd3.2,trunk,u30m20ep,dclm-30m-sub,30001113,2048,16,8192,1e-3,3.2,,1824,1709,14.933,448004096,0,4.599,1.356,3474489_2.out
trunk_u30m20ep_lr1e-3_wd3.2,trunk,u30m20ep,dclm-30m-sub,30001113,2048,16,8192,1e-3,3.2,,1824,1824,15.938,478150656,0,4.592,1.354,3474489_2.out
trunk_u30m20ep_lr3e-3_wd0.1,trunk,u30m20ep,dclm-30m-sub,30001113,2048,16,8192,3e-3,0.1,,1824,114,0.996,29884416,0,6.507,1.98,3474489_3.out
trunk_u30m20ep_lr3e-3_wd0.1,trunk,u30m20ep,dclm-30m-sub,30001113,2048,16,8192,3e-3,0.1,,1824,228,1.992,59768832,0,5.864,1.762,3474489_3.out
trunk_u30m20ep_lr3e-3_wd0.1,trunk,u30m20ep,dclm-30m-sub,30001113,2048,16,8192,3e-3,0.1,,1824,342,2.988,89653248,0,5.434,1.612,3474489_3.out
trunk_u30m20ep_lr3e-3_wd0.1,trunk,u30m20ep,dclm-30m-sub,30001113,2048,16,8192,3e-3,0.1,,1824,456,3.984,119537664,0,5.191,1.535,3474489_3.out
trunk_u30m20ep_lr3e-3_wd0.1,trunk,u30m20ep,dclm-30m-sub,30001113,2048,16,8192,3e-3,0.1,,1824,569,4.972,149159936,0,4.975,1.452,3474489_3.out
trunk_u30m20ep_lr3e-3_wd0.1,trunk,u30m20ep,dclm-30m-sub,30001113,2048,16,8192,3e-3,0.1,,1824,684,5.977,179306496,0,4.817,1.405,3474489_3.out
trunk_u30m20ep_lr3e-3_wd0.1,trunk,u30m20ep,dclm-30m-sub,30001113,2048,16,8192,3e-3,0.1,,1824,778,6.798,203948032,0,4.765,,3474489_3.out
trunk_u30m20ep_lr3e-3_wd0.1,trunk,u30m20ep,dclm-30m-sub,30001113,2048,16,8192,3e-3,0.1,,1824,798,6.973,209190912,0,4.697,1.372,3474489_3.out
trunk_u30m20ep_lr3e-3_wd0.1,trunk,u30m20ep,dclm-30m-sub,30001113,2048,16,8192,3e-3,0.1,,1824,912,7.969,239075328,0,4.675,1.37,3474489_3.out
trunk_u30m20ep_lr3e-3_wd0.1,trunk,u30m20ep,dclm-30m-sub,30001113,2048,16,8192,3e-3,0.1,,1824,1026,8.965,268959744,0,4.714,1.383,3474489_3.out
trunk_u30m20ep_lr3e-3_wd0.1,trunk,u30m20ep,dclm-30m-sub,30001113,2048,16,8192,3e-3,0.1,,1824,1139,9.952,298582016,0,4.84,1.413,3474489_3.out
trunk_u30m20ep_lr3e-3_wd0.1,trunk,u30m20ep,dclm-30m-sub,30001113,2048,16,8192,3e-3,0.1,,1824,1254,10.957,328728576,0,5.065,1.486,3474489_3.out
trunk_u30m20ep_lr3e-3_wd0.1,trunk,u30m20ep,dclm-30m-sub,30001113,2048,16,8192,3e-3,0.1,,1824,1368,11.953,358612992,0,5.344,1.583,3474489_3.out
trunk_u30m20ep_lr3e-3_wd0.1,trunk,u30m20ep,dclm-30m-sub,30001113,2048,16,8192,3e-3,0.1,,1824,1482,12.949,388497408,0,5.689,1.69,3474489_3.out
trunk_u30m20ep_lr3e-3_wd0.1,trunk,u30m20ep,dclm-30m-sub,30001113,2048,16,8192,3e-3,0.1,,1824,1596,13.946,418381824,0,6.125,1.831,3474489_3.out
trunk_u30m20ep_lr3e-3_wd0.1,trunk,u30m20ep,dclm-30m-sub,30001113,2048,16,8192,3e-3,0.1,,1824,1709,14.933,448004096,0,6.612,2.008,3474489_3.out
trunk_u30m20ep_lr3e-3_wd0.1,trunk,u30m20ep,dclm-30m-sub,30001113,2048,16,8192,3e-3,0.1,,1824,1824,15.938,478150656,0,7.068,2.153,3474489_3.out
trunk_u30m20ep_lr3e-3_wd0.8,trunk,u30m20ep,dclm-30m-sub,30001113,2048,16,8192,3e-3,0.8,,1824,114,0.996,29884416,0,6.506,1.984,3474489_4.out
trunk_u30m20ep_lr3e-3_wd0.8,trunk,u30m20ep,dclm-30m-sub,30001113,2048,16,8192,3e-3,0.8,,1824,228,1.992,59768832,0,5.903,1.789,3474489_4.out
trunk_u30m20ep_lr3e-3_wd0.8,trunk,u30m20ep,dclm-30m-sub,30001113,2048,16,8192,3e-3,0.8,,1824,342,2.988,89653248,0,5.482,1.632,3474489_4.out
trunk_u30m20ep_lr3e-3_wd0.8,trunk,u30m20ep,dclm-30m-sub,30001113,2048,16,8192,3e-3,0.8,,1824,456,3.984,119537664,0,5.258,1.552,3474489_4.out
trunk_u30m20ep_lr3e-3_wd0.8,trunk,u30m20ep,dclm-30m-sub,30001113,2048,16,8192,3e-3,0.8,,1824,569,4.972,149159936,0,5.073,1.485,3474489_4.out
trunk_u30m20ep_lr3e-3_wd0.8,trunk,u30m20ep,dclm-30m-sub,30001113,2048,16,8192,3e-3,0.8,,1824,684,5.977,179306496,0,4.926,1.436,3474489_4.out
trunk_u30m20ep_lr3e-3_wd0.8,trunk,u30m20ep,dclm-30m-sub,30001113,2048,16,8192,3e-3,0.8,,1824,798,6.973,209190912,0,4.749,1.391,3474489_4.out
trunk_u30m20ep_lr3e-3_wd0.8,trunk,u30m20ep,dclm-30m-sub,30001113,2048,16,8192,3e-3,0.8,,1824,912,7.969,239075328,0,4.643,1.374,3474489_4.out
trunk_u30m20ep_lr3e-3_wd0.8,trunk,u30m20ep,dclm-30m-sub,30001113,2048,16,8192,3e-3,0.8,,1824,1026,8.965,268959744,0,4.575,1.353,3474489_4.out
trunk_u30m20ep_lr3e-3_wd0.8,trunk,u30m20ep,dclm-30m-sub,30001113,2048,16,8192,3e-3,0.8,,1824,1139,9.952,298582016,0,4.562,1.348,3474489_4.out
trunk_u30m20ep_lr3e-3_wd0.8,trunk,u30m20ep,dclm-30m-sub,30001113,2048,16,8192,3e-3,0.8,,1824,1254,10.957,328728576,0,4.553,1.342,3474489_4.out
trunk_u30m20ep_lr3e-3_wd0.8,trunk,u30m20ep,dclm-30m-sub,30001113,2048,16,8192,3e-3,0.8,,1824,1368,11.953,358612992,0,4.577,1.347,3474489_4.out
trunk_u30m20ep_lr3e-3_wd0.8,trunk,u30m20ep,dclm-30m-sub,30001113,2048,16,8192,3e-3,0.8,,1824,1482,12.949,388497408,0,4.636,1.358,3474489_4.out
trunk_u30m20ep_lr3e-3_wd0.8,trunk,u30m20ep,dclm-30m-sub,30001113,2048,16,8192,3e-3,0.8,,1824,1596,13.946,418381824,0,4.7,1.381,3474489_4.out
trunk_u30m20ep_lr3e-3_wd0.8,trunk,u30m20ep,dclm-30m-sub,30001113,2048,16,8192,3e-3,0.8,,1824,1709,14.933,448004096,0,4.785,1.413,3474489_4.out
trunk_u30m20ep_lr3e-3_wd0.8,trunk,u30m20ep,dclm-30m-sub,30001113,2048,16,8192,3e-3,0.8,,1824,1824,15.938,478150656,0,4.874,1.441,3474489_4.out
trunk_u30m20ep_lr3e-3_wd3.2,trunk,u30m20ep,dclm-30m-sub,30001113,2048,16,8192,3e-3,3.2,,1824,114,0.996,29884416,0,6.658,2.022,3474489_5.out
trunk_u30m20ep_lr3e-3_wd3.2,trunk,u30m20ep,dclm-30m-sub,30001113,2048,16,8192,3e-3,3.2,,1824,228,1.992,59768832,0,6.235,1.901,3474489_5.out
trunk_u30m20ep_lr3e-3_wd3.2,trunk,u30m20ep,dclm-30m-sub,30001113,2048,16,8192,3e-3,3.2,,1824,342,2.988,89653248,0,5.939,1.795,3474489_5.out
trunk_u30m20ep_lr3e-3_wd3.2,trunk,u30m20ep,dclm-30m-sub,30001113,2048,16,8192,3e-3,3.2,,1824,456,3.984,119537664,0,5.658,1.689,3474489_5.out
trunk_u30m20ep_lr3e-3_wd3.2,trunk,u30m20ep,dclm-30m-sub,30001113,2048,16,8192,3e-3,3.2,,1824,569,4.972,149159936,0,5.463,1.625,3474489_5.out
trunk_u30m20ep_lr3e-3_wd3.2,trunk,u30m20ep,dclm-30m-sub,30001113,2048,16,8192,3e-3,3.2,,1824,684,5.977,179306496,0,5.336,1.578,3474489_5.out
trunk_u30m20ep_lr3e-3_wd3.2,trunk,u30m20ep,dclm-30m-sub,30001113,2048,16,8192,3e-3,3.2,,1824,798,6.973,209190912,0,5.266,1.545,3474489_5.out
trunk_u30m20ep_lr3e-3_wd3.2,trunk,u30m20ep,dclm-30m-sub,30001113,2048,16,8192,3e-3,3.2,,1824,912,7.969,239075328,0,5.28,1.553,3474489_5.out
trunk_u30m20ep_lr3e-3_wd3.2,trunk,u30m20ep,dclm-30m-sub,30001113,2048,16,8192,3e-3,3.2,,1824,1026,8.965,268959744,0,5.174,1.52,3474489_5.out
trunk_u30m20ep_lr3e-3_wd3.2,trunk,u30m20ep,dclm-30m-sub,30001113,2048,16,8192,3e-3,3.2,,1824,1139,9.952,298582016,0,5.142,1.515,3474489_5.out
trunk_u30m20ep_lr3e-3_wd3.2,trunk,u30m20ep,dclm-30m-sub,30001113,2048,16,8192,3e-3,3.2,,1824,1254,10.957,328728576,0,5.126,1.504,3474489_5.out
trunk_u30m20ep_lr3e-3_wd3.2,trunk,u30m20ep,dclm-30m-sub,30001113,2048,16,8192,3e-3,3.2,,1824,1368,11.953,358612992,0,5.133,1.494,3474489_5.out
trunk_u30m20ep_lr3e-3_wd3.2,trunk,u30m20ep,dclm-30m-sub,30001113,2048,16,8192,3e-3,3.2,,1824,1482,12.949,388497408,0,5.177,1.529,3474489_5.out
trunk_u30m20ep_lr3e-3_wd3.2,trunk,u30m20ep,dclm-30m-sub,30001113,2048,16,8192,3e-3,3.2,,1824,1596,13.946,418381824,0,5.138,1.509,3474489_5.out
trunk_u30m20ep_lr3e-3_wd3.2,trunk,u30m20ep,dclm-30m-sub,30001113,2048,16,8192,3e-3,3.2,,1824,1709,14.933,448004096,0,5.14,1.508,3474489_5.out
trunk_u30m20ep_lr3e-3_wd3.2,trunk,u30m20ep,dclm-30m-sub,30001113,2048,16,8192,3e-3,3.2,,1824,1824,15.938,478150656,0,5.159,1.517,3474489_5.out
